39.78,14.657,2.9764235,0.2173913
-31.36,28.3035,2.9362774,0.24242425
3.12,26.554,3.3636515,0.38297874
-23.2,19.7605,3.2807183,0.25925925
-11.55,6.9705,3.2597272,0.3125
-67.9,13.6175,3.6913416,0.4915254
6.7,-1.8985,3.352886,0.46296296
17.32,-12.275,3.2962308,0.5263158
-68.59,-22.4025,3.612665,0.30769232
87.97,-40.571,2.7983892,0.6938776
53.6,-48.203,2.8689852,0.59322035
-22.85,-35.368,2.2643888,0.42857143
35.59,-29.3335,3.3803039,0.4827586
-20.06,-20.618,3.1069477,0.4347826
-135.66,3.481,3.388503,0.34567901
129.58,-12.3965,3.4065971,0.43661973
191.88,-13.56,4.5066013,0.54477614
6.71,20.3685,3.6108177,0.5625
-41.36,49.064,3.1341655,0.3090909
-35.07,76.4295,2.5610256,0.33898306
109.01,120.8495,2.6347919,0.55
90.14,157.696,3.4559765,0.5205479
-57.97,168.119,2.6966536,0.28070176
-35.53,168.923,2.9273994,0.35849056
12.31,171.5595,2.0618362,0.4857143
37.32,182.4825,2.2854724,0.5365854
-53.77,173.8055,2.3196545,0.41666666
2.98,139.3695,1.8728462,0.42307693
34.19,117.8425,2.08271,0.5
6.27,105.0475,1.9063597,0.3888889
37.33,95.1245,2.8473134,0.5
9.26,86.021,2.4856431,0.575
14.56,88.0575,3.0210621,0.525
-0.48,93.462,2.3006313,0.6923077
-8.24,90.9535,2.6898515,0.6111111
72.99,79.1705,3.6962996,0.75342464
-13.66,77.3465,3.1643858,0.5483871
-30.83,81.0295,2.740891,0.63414633
2.45,77.4455,2.2780333,0.52380955
0.25,72.2615,2.6861787,0.5714286
10.76,67.0095,3.0338562,0.45238096
-63.05,54.2255,3.357504,0.40625
-23.87,39.2245,2.1673346,0.3043478
-29.51,23.9115,3.808411,0.72
-32.58,1.9215,2.8965983,0.4375
30.63,-24.3875,2.3526554,0.61538464
-9.7,-46.3905,3.0491142,0.65625
-37.48,-59.9305,2.9686556,0.42307693
-4.67,-74.173,1.990061,0.45070422
7.48,-81.505,2.699327,0.47058824
-144.64,-80.887,4.3611455,0.53125
1.35,-106.224,2.9190316,0.63235295
-56.04,-128.9055,3.2989013,0.41509435
-41.77,-152.037,3.1824973,0.5084746
37.52,-180.526,2.8845549,0.5185185
100.53,-205.295,3.477272,0.7037037
25.57,-182.407,2.6684732,0.65384614
-20.47,-156.6385,2.1676195,0.5416667
-27.33,-123.9155,2.6103168,0.4651163
-101.81,-86.8145,3.0203092,0.4054054
-41.8,-72.475,3.2535145,0.46551725
26.54,-83.9745,2.6149096,0.31428573
-98.19,-99.84,4.698759,0.52597404
-44.04,-127.5295,4.4049926,0.4649123
-7.5,-157.831,3.4104497,0.5890411
18.47,-170.526,3.336221,0.6111111
30.05,-170.5555,3.8996248,0.5106383
-39.8,-171.763,2.868434,0.6
-12.07,-161.1775,3.9197655,0.5588235
34.44,-143.8285,3.9443011,0.5952381
-59.54,-119.4395,2.938424,0.40625
-63.07,-114.9095,4.363871,0.4021739
51.27,-125.782,2.9930322,0.5522388
-32.11,-123.8965,3.0912747,0.530303
26.63,-126.5045,3.572368,0.5
38.58,-130.13,3.1473348,0.42857143
12.94,-111.034,2.1959014,0.4516129
5.7,-76.1045,2.4340026,0.28947368
4.09,-51.6,3.3962579,0.44444445
-2.86,-21.4285,2.506059,0.5483871
38.76,-2.1005,2.1596878,0.5263158
5.44,13.2335,2.5275645,0.31034482
8.06,28.094,2.2962883,0.44444445
36.38,38.113,3.1537762,0.73333335
10.56,50.573,2.8742876,0.625
-37.88,64.8135,3.2573316,0.5625
26.05,66.5445,2.8104756,0.5217391
-12.92,72.5995,2.4444995,0.52
-53.63,73.117,3.2775493,0.4893617
-60.17,57.7105,2.779928,0.39534885
-46.21,32.8865,3.357265,0.48214287
51.29,5.732,3.081806,0.7254902
16.44,-22.091,3.0257225,0.46341464
-76.48,-42.3,2.8572946,0.35897437
-7.34,-64.864,3.391589,0.44594595
5.93,-75.162,2.413918,0.46938777
-28.31,-73.3995,2.4537091,0.45945945
23.05,-85.7125,2.698206,0.6041667
31.62,-97.5725,2.6709464,0.7027027
-49.32,-89.1875,2.24753,0.53846157
35.75,-86.877,2.847068,0.71428573
40.79,-78.1765,2.8381336,0.71875
-12.75,-57.136,2.7286513,0.56
-112.42,-42.212,3.9706233,0.5104167
-6.45,-48.6555,2.8808584,0.6818182
-63.15,-46.2455,4.698495,0.589404
40.97,-62.722,3.4605045,0.704918
21.25,-79.907,3.0041642,0.6956522
190.01,-92.0025,3.6917048,0.70535713
-25.42,-56.1175,4.452582,0.60273975
41.06,-25.0035,3.0897217,0.64
5.96,22.5925,2.573695,0.5
48.07,65.4515,3.0410383,0.65384614
-10.25,112.0945,2.445872,0.46341464
25.63,115.8055,2.887691,0.6545454
38.83,128.082,3.662596,0.52112675
14.28,138.2655,2.575438,0.55
26.31,147.91,3.699548,0.39130434
-49.47,153.037,2.843117,0.47916666
-75.41,154.3745,3.735408,0.5185185
38.11,136.8065,2.7161856,0.2857143
-21.91,119.0685,2.5783052,0.41935483
42.41,97.2295,3.0813804,0.47368422
22.08,75.853,2.7521863,0.42857143
-55.03,62.0615,2.8430238,0.47272727
-39.91,54.583,1.9474932,0.3
16.79,30.338,2.5226543,0.53125
0.01,15.0425,2.2902927,0.625
39.06,-7.6695,2.4804316,0.7037037
-14.51,-19.546,2.5585823,0.5
-116.19,-23.8625,3.5094237,0.4318182
43.32,-35.5735,2.7248209,0.5769231
22.78,-43.8465,2.0763893,0.45454547
40.63,-46.304,1.170325,0.46666667
30.18,-50.99,2.1618414,0.5
-1.6,-46.965,2.6179044,0.48387095
-16.04,-17.9985,2.559681,0.5217391
-43.99,0.6115,2.6146073,0.4
44.86,9.383,1.6268318,0.59375
3.74,14.2805,2.525803,0.5897436
25.96,9.9325,2.2384007,0.55172414
6.54,11.7055,2.8239458,0.3809524
23.3,16.5735,1.6473963,0.6785714
-16.52,35.8585,2.654216,0.4848485
23.11,44.7995,2.3541162,0.5217391
-70.62,53.7085,2.6880617,0.53333336
-15.06,44.835,1.9972874,0.7826087
-34.79,33.232,2.3252757,0.6875
1.64,11.751,1.8779845,0.5
-11.69,-5.322,2.467322,0.52272725
44.84,-29.498,2.8221846,0.65789473
-50.91,-38.6325,1.9511038,0.5
-40.58,-50.224,2.759195,0.6
-84.06,-59.8095,3.5693862,0.44
31.7,-78.8385,2.427529,0.41860464
24.58,-89.264,2.6016476,0.5777778
39.1,-105.0525,2.357665,0.625
-33.56,-105.598,2.6462152,0.64102566
-64.97,-105.261,2.7168143,0.5588235
40.1,-95.617,2.578063,0.5714286
70.45,-86.113,2.4047103,0.7111111
-53.08,-69.6605,3.0647457,0.5416667
36.47,-68.664,2.9000266,0.6976744
51.35,-54.319,2.9979408,0.5
-14.15,-20.102,2.3724368,0.43243244
59.79,5.13,2.5663614,0.57575756
42.31,21.1385,2.884848,0.5952381
-29.15,52.8725,2.1594143,0.5882353
5.13,71.2015,2.4287462,0.6060606
-11.75,79.7435,1.6743282,0.5862069
21.61,88.7665,2.0993164,0.5714286
-8.31,92.078,2.0136168,0.6956522
27.32,83.7855,2.0670755,0.65625
6.02,82.918,3.4041367,0.57894737
29.71,77.727,2.7356815,0.6923077
15.58,80.9265,2.940768,0.64
61.17,83.3705,2.923892,0.62903225
-4.67,98.6065,3.217849,0.57894737
-19.69,106.635,2.1795583,0.5135135
17.92,107.2575,2.0566335,0.53846157
45.07,106.633,3.0383458,0.71428573
-18.58,113.1755,1.7897341,0.37931034
-32.83,102.039,2.334726,0.5416667
-43.04,88.733,2.2601826,0.48387095
-14.76,75.477,2.0831745,0.62857145
5.84,55.7175,2.1541083,0.47826087
25.47,30.619,2.0536096,0.6363636
24.48,15.0125,2.2459798,0.6296296
19.87,8.186,2.7627227,0.5744681
-34.88,13.204,2.3833067,0.43243244
34.4,15.3525,2.1314147,0.7222222
4.35,22.575,2.305777,0.575
16.85,24.9425,2.515906,0.6785714
129.17,26.149,4.0631437,0.5138889
7.43,43.058,3.0763814,0.45945945
-11.62,69.544,4.2313776,0.47058824
-2.0,88.1855,3.2635925,0.45833334
228.46,108.7125,4.888303,0.74358976
53.81,159.907,4.453659,0.6055046
20.61,193.2965,4.469907,0.60169494
-48.91,229.187,3.941194,0.47560975
-27.48,262.3165,4.1077747,0.35714287
-59.65,290.7965,3.5523913,0.6296296
-76.32,262.995,3.9727943,0.56790125
140.64,209.574,4.0414643,0.63414633
-65.11,173.0865,2.872451,0.4864865
37.2,136.9065,2.5930965,0.6296296
-69.47,113.076,3.1932364,0.4878049
11.3,91.977,2.2646143,0.6666667
17.58,88.648,2.6036692,0.59615386
-21.33,57.1535,2.0615335,0.61764705
-17.21,37.2035,2.5329132,0.59090906
-52.83,7.45,2.359592,0.30769232
87.79,-15.4915,3.96041,0.47826087
-2.43,-20.82,2.5929387,0.5744681
-10.38,-29.659,2.8972745,0.42307693
26.25,-36.3685,2.5537367,0.5555556
-29.92,-35.7975,2.1011345,0.26086956
49.88,-17.0095,2.2817628,0.6
-69.17,-5.2915,2.258981,0.53846157
26.61,-2.4305,1.8120294,0.44444445
-20.0,4.0485,3.4640346,0.32352942
-73.57,0.8985,2.6952696,0.22807017
-64.19,-11.239,3.1484761,0.4375
22.24,-46.798,3.0366611,0.6818182
-38.4,-57.6825,2.9644098,0.71875
-15.8,-82.903,3.4293926,0.5185185
0.93,-104.6295,2.8075473,0.65625
-22.0,-114.9775,2.9235544,0.55932206
0.83,-115.286,2.8269148,0.4318182
29.77,-119.3605,2.0387537,0.65625
62.71,-112.356,2.7604232,0.64
24.55,-93.647,2.9731414,0.6086956
-31.87,-74.0825,1.5462041,0.30769232
-2.59,-50.5105,1.855102,0.4347826
-36.81,-27.613,2.7546806,0.42424244
4.9,-16.7335,2.5914445,0.5263158
60.2,-16.3445,1.9042083,0.7692308
106.81,-13.0925,4.7527227,0.44444445
24.45,15.0515,3.1444328,0.4893617
-43.16,43.921,2.2593446,0.32258064
27.14,75.042,1.7419072,0.516129
-13.02,108.2525,1.5930138,0.3125
-47.74,124.458,2.0503216,
-10.63,108.9315,2.2264662,0.44444445
19.86,88.1115,2.2788465,0.5714286
-27.68,76.982,1.9388984,0.5714286
50.0,55.4775,2.5019538,0.72727275
-25.97,43.2385,1.7981855,0.5
10.92,34.895,2.4504368,0.47368422
9.25,30.359,2.216065,0.6111111
-87.44,24.725,3.1094568,0.25714287
-6.8,14.6515,2.3102021,0.4
-7.22,-5.217,2.24259,0.39285713
7.15,-21.6925,2.5329664,0.61904764
59.51,-39.4085,2.5260782,0.6666667
-12.21,-51.8965,2.463552,0.5588235
24.6,-48.483,2.0844004,0.75
-18.54,-37.01,1.8529016,0.71428573
30.98,-21.5335,3.0479689,0.5
6.97,-1.619,2.5832734,0.64285713
17.3,5.283,2.5496662,0.627907
21.35,18.5775,3.0911438,0.2820513
40.44,29.725,3.010936,0.5217391
51.56,48.2595,3.0626197,0.5102041
-64.73,67.8035,2.358871,0.4047619
39.72,77.237,2.6148891,0.41379312
20.49,87.7835,2.367691,0.47619048
47.0,99.6355,4.1605034,0.5423729
-40.43,108.932,3.924764,0.4848485
-1.99,102.396,2.2558393,0.7096774
-7.56,108.968,2.3966298,0.71428573
31.41,102.089,2.1447446,0.65384614
22.03,95.483,3.4892616,0.5925926
-34.93,82.4205,3.1622474,0.41379312
2.68,72.5635,2.6973424,0.41463414
-13.86,66.482,3.2019994,0.42857143
1.65,59.224,2.098793,0.44444445
-5.08,47.1595,2.778395,0.60714287
-17.97,29.0015,2.2220623,0.42857143
-17.89,16.307,2.7692788,0.2
-106.03,0.7405,4.2629657,0.42201835
5.92,-27.0915,2.462805,0.40983605
32.74,-53.298,3.0614789,0.5555556
18.38,-71.5575,1.8631867,0.7
-26.02,-80.3895,1.9359522,0.33333334
35.37,-92.7805,2.8183858,0.54347825
-17.65,-76.461,1.7592036,0.5588235
90.66,-62.288,2.4452784,0.55172414
-12.41,-38.714,2.8565714,0.4680851
36.3,-22.699,3.079073,0.625
61.85,3.8655,3.3131804,0.779661
-24.82,31.971,3.0771887,0.68085104
0.01,60.576,2.191352,0.55
4.65,72.152,2.112486,0.60714287
-21.29,85.1615,3.1053154,0.5294118
22.54,87.853,2.1061296,0.7419355
-14.03,80.8635,2.6759243,0.6333333
-0.01,76.814,3.1926465,0.56
11.59,72.5075,2.715165,0.6666667
44.82,67.4465,2.4746745,0.70454544
-4.89,72.4695,2.1359754,0.6060606
21.69,66.2995,2.3344316,0.65384614
3.88,66.485,2.8080578,0.51724136
-5.36,68.8915,3.5732849,0.55932206
17.17,69.815,2.8134391,0.62222224
47.89,63.0475,3.2287512,0.7580645
10.12,67.145,2.7474709,0.62068963
70.2,67.7585,4.034929,0.6268657
0.63,82.6605,4.1459293,0.6136364
3.03,98.11,2.8224974,0.59016395
25.92,112.397,2.712586,0.5277778
9.87,124.0865,2.620691,0.7368421
1.35,133.994,2.9730163,0.44827586
-7.73,130.064,3.0030718,0.5862069
-14.8,125.0805,3.1020687,0.4888889
-26.52,116.2085,2.7059045,0.33333334
0.37,99.302,2.8914473,0.4918033
18.69,79.7755,2.2250192,0.5263158
-3.03,62.7815,2.0574489,0.44444445
85.69,47.275,4.491444,0.5
6.32,49.6545,2.9616232,0.5897436
-19.23,57.824,3.2289684,0.6136364
-30.66,64.118,2.885822,0.47368422
2.12,62.2655,2.1352534,0.6666667
37.75,61.0725,2.0480297,0.625
3.02,49.484,2.1953394,0.7222222
31.46,39.481,3.987817,0.4915254
-24.04,38.5505,2.1575396,0.5185185
-14.75,43.6585,1.8177861,0.3809524
7.5,45.632,2.6951892,0.37931034
-4.47,41.332,2.6539164,0.3529412
-30.06,37.0535,2.5424087,0.375
-77.47,22.469,3.0332134,0.44444445
10.1,1.14,2.2977917,0.48
12.46,-15.406,2.9168725,0.55
4.6,-32.1485,1.5125283,0.5263158
-33.21,-48.633,1.8514628,0.375
-26.08,-64.0705,2.8457346,0.39130434
-32.28,-66.9925,2.5770855,0.2857143
-17.91,-76.9285,4.4784837,0.421875
58.8,-88.046,3.450314,0.5479452
18.89,-90.948,2.2493625,0.5882353
-23.86,-85.065,2.9241223,0.6785714
24.98,-79.078,1.8374735,0.64285713
28.53,-62.7815,2.8620431,0.64285713
-6.21,-36.7345,2.4570112,0.6
13.7,-23.228,2.6852386,0.39130434
17.99,-10.235,3.7370353,0.4893617
-17.98,9.027,2.9830294,0.2647059
-34.08,19.6825,2.875628,0.41379312
-12.72,19.8945,2.2484415,0.5
-57.31,19.217,2.7255483,0.4
-8.07,5.701,1.6593379,0.5
-61.11,-16.4965,2.9249084,0.42105263
0.21,-43.7595,2.9002237,0.50980395
25.66,-63.496,3.1946254,0.5555556
1.05,-76.611,1.9234717,0.75
31.64,-79.7665,2.4590082,0.7826087
-60.86,-77.8645,2.8687935,0.47368422
-0.85,-74.4835,2.8035374,0.64705884
-5.07,-72.169,2.777695,0.6315789
-35.37,-72.805,3.4096932,0.4516129
9.91,-77.921,3.375145,0.4473684
7.57,-89.072,3.4161723,0.3478261
-55.98,-85.6665,3.4903207,0.4
40.17,-89.059,3.0946193,0.53333336
4.98,-85.7225,2.5380871,0.4117647
-20.53,-73.8785,2.4424713,0.56
18.52,-66.1985,3.2113955,0.65
2.75,-58.152,2.4888556,0.5294118
-28.34,-40.2005,2.0147603,0.23076923
18.06,-35.1715,2.447147,0.4516129
9.35,-31.2955,1.9565123,0.5555556
-35.52,-22.313,3.1153922,0.6785714
29.24,-25.4185,3.1599348,0.5
-12.73,-24.6775,2.5457947,0.7058824
20.75,-18.8935,2.1594741,0.7058824
20.64,-13.557,2.7279031,0.6875
9.21,-5.4125,2.4603474,0.7407407
-40.23,8.174,2.3070102,0.56
-71.91,9.835,3.4374225,0.41935483
-28.88,3.002,2.8863583,0.45454547
46.23,-14.0835,2.7795253,0.61538464
-24.16,-27.867,2.4606593,0.52
-25.18,-46.74,2.818305,0.53333336
50.93,-64.143,2.6845133,0.6818182
-46.74,-57.3585,2.73362,0.516129
-2.23,-51.5565,1.9328958,0.33333334
-15.33,-56.1415,2.2062097,0.625
26.12,-57.2675,1.8198804,0.72
9.49,-49.3035,1.970416,0.65
36.35,-51.7295,2.699405,0.45
-38.11,-38.454,2.5047402,0.5652174
6.84,-30.2755,1.4411258,0.6
-21.35,-19.7805,2.239134,0.54545456
-13.87,-16.2465,2.7363546,0.42105263
-62.28,-17.326,2.810963,0.37777779
3.19,-34.034,3.2506535,0.59183675
29.19,-41.608,2.2402298,0.9130435
18.41,-45.712,2.2015464,0.64285713
-3.96,-44.7965,1.4661194,
47.16,-45.2985,2.2344198,0.6111111
26.28,-27.643,3.13312,0.52272725
-24.94,-4.3725,2.3727546,0.44117647
26.52,8.1145,1.9584004,0.3888889
-35.7,19.6365,2.4297867,0.5102041
-38.33,29.196,2.2435005,0.4375
-7.14,21.236,1.9107403,0.46153846
6.52,6.9075,2.044353,0.64285713
-6.88,-2.2235,3.3112738,0.3611111
1.84,-16.3865,2.058191,0.4117647
25.65,-22.661,2.100185,0.5769231
38.38,-15.6025,2.5318165,0.42105263
-6.2,-3.261,2.321342,0.64705884
-11.48,7.1885,2.6791341,0.73913044
38.88,16.2255,2.5861928,0.6969697
-18.8,30.0335,2.3124058,0.6216216
-2.31,32.758,2.5207982,0.45945945
-30.28,27.618,2.4913409,0.5
3.64,20.6365,2.9495292,0.56
-6.5,17.141,2.609961,0.30555555
-27.28,4.6965,2.4120617,0.4347826
40.0,-5.7215,2.5560715,0.59375
25.04,-8.363,2.9384406,0.65217394
-42.7,-2.4425,2.818498,0.5
9.87,-1.957,2.1429608,0.52
16.0,-0.477,2.7925236,0.5
43.66,6.944,2.3958423,0.875
8.62,12.558,3.43713,0.6111111
-33.16,14.7865,2.8764706,0.42857143
-7.46,20.235,2.303175,0.6
-7.14,22.6845,1.9640658,0.33333334
2.34,22.1455,1.4835663,0.6
-10.82,15.1415,2.4692514,0.47826087
-19.12,4.4785,1.79874,0.31578946
43.49,-2.993,2.403184,0.6363636
-47.48,-0.505,2.4943924,0.55
-13.85,-4.653,2.1189265,0.44
22.72,-11.4615,2.1349885,0.6111111
11.87,-14.213,1.2116672,0.6
-2.44,-11.271,1.6346202,0.7
-17.14,-17.7195,1.7406468,0.4
-13.18,-18.6055,1.2901468,0.5833333
22.36,-16.6965,1.8209735,0.8
0.58,-14.7255,2.0643241,0.7
11.61,-17.1765,1.9749653,0.71428573
13.12,-16.9045,1.598569,0.625
4.91,-10.438,2.3293235,0.68421054
-1.44,1.583,2.1502354,0.64705884
-55.99,9.351,2.3330562,0.3488372
-12.42,6.9475,2.8934758,0.4054054
29.95,-0.0135,2.3390722,0.7
27.26,-5.461,2.5930643,0.59090906
-55.24,-7.6815,2.8593855,0.39344263
31.53,-18.4415,1.8018402,0.5
17.44,-14.232,2.040854,0.68
-21.79,-2.746,1.8637855,0.51428574
-17.8,-3.064,2.545965,0.3809524
18.08,-12.1975,2.0354493,0.70731705
22.42,-6.4375,2.260483,0.65217394
4.3,-3.0255,2.9541516,0.5777778
31.03,-2.579,2.6129627,0.54545456
-16.08,6.2525,2.8736138,0.44827586
17.29,15.5725,1.99188,0.5555556
32.97,24.443,2.2488678,0.84615386
128.75,33.802,3.8474028,0.48039216
-54.13,62.1935,2.969628,0.46153846
-11.48,76.2545,2.1171863,0.55
-7.82,92.018,3.088043,0.45454547
47.89,103.5395,2.821764,0.6333333
38.75,112.8515,2.456815,0.65
-7.46,101.603,3.3167746,0.4347826
-18.1,102.437,2.6125162,0.6
15.65,104.2615,2.3757157,0.5555556
-11.73,107.5885,2.56466,0.54901963
-4.81,101.1545,2.4623654,0.65
58.2,87.024,2.7898593,0.7
4.88,81.969,3.0710666,0.5
-28.95,80.378,3.6735916,0.5084746
44.14,72.219,2.7069776,0.78571427
-14.91,74.1485,3.7801034,0.5
15.79,75.1505,3.5149283,0.3255814
-11.14,68.859,3.938344,0.5714286
-40.51,59.115,2.6969318,0.44444445
-23.02,49.771,2.1673322,0.5625
3.84,29.793,2.7916036,0.5555556
-9.22,19.809,2.726355,0.4722222
10.94,1.79,2.8366508,0.5952381
13.65,-12.944,2.699729,0.56
-8.53,-18.01,2.3841927,0.36363637
-53.08,-17.3565,2.943089,0.4642857
29.28,-23.494,2.591756,0.65625
-105.05,-23.767,3.3528423,0.37931034
-12.61,-42.891,2.912762,0.53846157
-7.91,-65.8545,2.5686302,0.32258064
-12.58,-88.8815,3.583503,0.6818182
24.99,-103.453,2.4312985,0.88235295
-38.65,-117.224,2.2572813,0.3
5.86,-115.54,2.660786,0.6296296
-5.33,-111.903,2.4080777,0.6
8.58,-105.2785,2.170479,0.5555556
44.4,-95.5965,2.4458358,0.7826087
-103.78,-83.3225,4.0682244,0.5689655
-95.22,-79.441,3.5171056,0.59090906
-23.08,-93.038,3.4882848,0.5081967
2.27,-110.1825,4.192885,0.5
16.01,-128.511,2.8758726,0.65384614
11.98,-153.777,2.6550229,0.5652174
3.84,-155.9445,2.3732681,0.6111111
-40.6,-137.8115,3.4358919,0.61904764
1.63,-121.5795,2.7603984,0.6511628
24.83,-108.211,2.3424182,0.6
34.41,-92.854,1.9039462,0.90909094
8.83,-79.9835,2.2005525,0.6818182
-25.81,-67.187,2.6239922,0.5
17.6,-50.537,2.0173016,0.8666667
18.96,-31.851,2.3006132,0.5625
15.79,-14.0395,3.0978239,0.45901638
8.91,-2.674,2.6491137,0.68
22.01,8.5535,2.423276,0.62068963
6.59,27.978,3.2140388,0.47619048
60.88,45.0855,2.7889173,0.7419355
-18.93,69.7525,2.6799004,0.65625
5.06,83.232,2.1355076,0.7368421
22.63,90.9315,2.41736,0.9230769
25.79,96.4695,3.2571757,0.62068963
-9.39,104.332,2.5649486,0.4117647
23.98,99.4105,2.3262753,0.73333335
1.35,102.473,2.1494641,0.5294118
12.65,104.9175,2.2726917,0.7222222
24.78,102.702,2.2132936,0.71428573
-23.53,99.129,3.0077572,0.4857143
-31.57,94.9605,2.1354616,0.39285713
49.91,82.9825,2.5564308,0.65384614
-14.09,78.662,2.034861,0.47058824
45.25,68.4095,2.3943007,0.76
-30.18,60.987,2.9253292,0.625
-27.46,55.211,2.0991032,0.3846154
5.64,52.4175,1.8853804,0.47058824
10.55,40.9295,2.5111282,0.47826087
17.58,34.941,2.0891023,0.85
-23.45,22.953,1.8299203,0.36363637
51.33,16.1655,2.6173863,0.72727275
-49.05,21.6225,2.8660984,0.46153846
-39.31,18.848,2.7811122,0.61764705
15.69,9.2005,1.7553531,0.55
9.22,-0.3225,1.7773005,0.7058824
-8.88,-4.242,2.0885487,0.5
-15.09,-18.559,2.6548336,0.46666667
35.16,-24.961,2.0909624,0.5833333
33.01,-17.595,2.4064016,0.55
59.9,-7.1765,3.0310247,0.7111111
-44.52,9.1445,2.5457673,0.42857143
-27.16,18.9835,2.08688,0.41666666
37.32,29.8645,2.3075736,0.6296296
6.81,38.6055,2.3843024,0.4090909
12.22,44.029,2.3582838,0.7777778
-7.92,37.8855,2.3502555,0.7
-1.32,38.0835,2.5399194,0.8181818
33.05,43.797,2.7772708,0.8181818
13.28,47.5345,3.022929,0.7
1.32,52.7815,3.9795449,0.71428573
27.2,53.826,2.6090486,0.84210527
-31.99,63.103,2.5067937,0.75
17.91,65.391,2.1441238,0.5263158
3.21,62.097,2.705666,0.7407407
-34.64,57.413,3.0027843,0.36
-18.76,48.7795,2.1230361,0.6086956
-4.4,31.4485,2.177022,0.5714286
12.62,19.201,2.4708095,0.5
9.52,6.609,2.3698297,0.6666667
19.95,-3.545,3.9917645,0.55172414
-4.23,-0.784,2.3823838,0.7419355
3.66,2.8685,2.678841,0.5833333
22.09,6.5925,2.7037349,0.8333333
198.01,12.9735,4.855433,0.74285716
-46.72,47.492,3.7487116,0.5063291
51.06,71.621,3.6669064,0.7719298
9.26,103.86,3.681265,0.71153843
67.67,136.6935,4.2622523,0.6938776
8.65,176.911,3.645163,0.6
-31.07,179.4845,3.5559323,0.5849057
-26.85,186.5455,3.383219,0.61538464
-37.57,180.7265,3.3318353,0.43076923
-10.09,165.8165,3.1705453,0.3478261
-16.58,136.861,4.4670157,0.625
-23.89,103.8495,2.8426301,0.32352942
-27.35,71.7385,2.379912,0.53125
20.88,39.955,3.0472987,0.6
19.86,18.599,3.158124,0.64
-28.41,2.87,2.2654178,0.4
-22.14,-13.3245,2.9896936,0.5675676
-1.01,-26.853,1.973599,0.53333336
18.8,-35.273,3.567426,0.5833333
-26.13,-44.868,2.247194,0.52380955
1.18,-61.252,2.6532292,0.5588235
45.47,-61.878,2.3639324,0.79310346
10.99,-53.8755,2.5275285,0.4516129
15.83,-41.855,2.4145753,0.5555556
84.11,-30.756,3.069687,0.8648649
84.18,1.5685,4.4190226,0.71428573
-58.63,46.7175,3.302335,0.7183099
-42.38,72.423,2.713956,0.4473684
-14.85,88.7435,2.5919297,0.52380955
-41.61,97.7935,2.8765612,0.4857143
67.55,83.276,2.398486,0.71428573
-10.56,61.222,2.9032748,0.44444445
-34.6,48.118,2.303135,0.5
3.62,36.9325,2.256899,0.5
7.97,30.3055,2.0866914,0.6666667
53.61,34.1895,2.5749865,0.7407407
-71.75,31.1885,2.8327208,0.65217394
-18.28,18.5025,1.3204056,0.55
37.6,9.943,2.4293306,0.7368421
-25.6,7.2205,2.405949,0.46666667
27.98,-2.244,2.064881,0.6
47.69,-18.175,2.739623,0.64705884
-10.77,-10.3295,2.1625433,0.27272728
51.09,-0.02,2.4163647,0.6486486
-31.8,11.246,3.1869426,0.5319149
25.27,27.068,2.6510608,0.75
117.38,45.2935,4.3127694,0.42528737
-66.89,68.6555,3.2247214,0.6875
0.82,82.0175,2.7109041,0.65384614
145.35,84.542,4.6417046,0.8135593
84.11,113.1295,5.3063345,0.74125874
-9.38,152.605,3.7301297,0.53333336
23.81,166.669,4.906377,0.46601942
-39.12,195.9545,3.295369,0.32142857
-4.61,219.3895,2.4964993,0.48
20.49,213.491,3.3683524,0.625
-5.01,196.591,2.3008897,0.42105263
0.0,177.2295,3.156998,0.5
14.11,152.1915,3.8945398,0.4651163
-38.36,138.967,2.450562,0.23076923
32.37,119.628,2.3058338,0.5
-3.47,102.446,3.1932573,0.65217394
44.35,88.125,2.6110854,0.75
65.58,79.9195,3.9970503,0.8202247
-92.15,81.2855,3.762656,0.52307695
46.36,74.909,3.7586248,0.4918033
-32.37,70.278,3.2677033,0.41463414
24.24,67.357,2.970436,0.5660377
3.78,55.855,3.5295079,0.44262296
-16.32,32.3175,3.2062192,0.53125
-12.91,32.0245,2.876349,0.5
4.47,24.7085,2.059188,0.36842105
-2.84,24.0685,2.961797,0.56666666
-2.95,19.3465,2.7893493,0.4516129
22.97,10.84,2.6467662,0.61538464
-15.0,8.813,2.8666344,0.725
-1.27,8.1445,2.684512,0.4
-24.75,6.1435,2.927757,0.6571429
-31.61,0.996,2.5929534,0.62857145
-34.71,-7.598,3.5335567,0.4871795
5.84,-27.9105,2.3508275,0.52380955
-18.4,-42.727,3.0705762,0.42857143
-34.63,-60.2255,3.1158185,0.30232558
0.53,-75.7505,2.8425975,0.6111111
-31.01,-81.5935,2.673712,0.26086956
20.51,-89.7555,2.8130922,0.7209302
3.12,-93.6925,1.8458987,0.45454547
-2.97,-95.1,3.3374937,0.5714286
3.31,-88.815,1.8108429,0.6896552
-9.47,-81.7935,2.3828444,0.4
58.44,-70.8045,2.9295235,0.77272725
-6.55,-55.796,2.242183,0.625
15.06,-42.169,2.3855126,0.6666667
-23.49,-25.8305,2.4217715,0.6956522
22.96,-13.827,2.1996017,0.7407407
37.04,4.663,2.495234,0.7741935
3.25,16.2675,2.7950943,0.6666667
3.72,29.6045,3.0834894,0.68421054
-11.94,39.25,2.5381377,0.65
16.96,50.222,2.0045347,0.6111111
-8.98,57.412,2.4643867,0.65
-2.93,56.143,3.1362913,0.61904764
30.18,52.8645,2.9988658,0.6363636
-32.05,51.6375,1.9544322,0.5
27.57,48.018,2.1288981,0.6818182
-16.61,43.589,2.6432123,0.6363636
-43.66,39.488,2.5188491,0.26923078
39.9,29.58,3.10445,0.47916666
-21.33,19.4725,2.2523806,0.60714287
-45.0,12.743,2.6858046,0.5116279
-59.02,-7.396,3.1696956,0.5555556
-6.74,-30.1435,2.7087705,0.65217394
-7.26,-45.4955,2.581616,0.34210527
8.03,-69.165,2.4895716,0.88235295
7.76,-88.542,1.5725768,0.53846157
12.99,-95.711,2.2676613,0.64285713
-16.4,-87.276,2.8766165,0.8076923
-38.66,-79.791,3.0923848,0.3529412
-53.61,-76.4665,3.1655378,0.45714286
28.11,-83.3845,3.0996656,0.42105263
65.71,-86.791,2.9546218,0.64
-15.67,-83.3905,2.1509106,0.4117647
14.0,-79.209,2.747521,0.64705884
8.62,-63.686,2.2414658,0.6
-27.34,-37.749,2.7330902,0.33333334
32.89,-20.156,2.4987636,0.7941176
44.0,-11.5965,2.9880488,0.3548387
35.06,4.514,2.7056172,0.5869565
-50.2,25.082,3.4013433,0.5483871
-32.77,35.328,2.5402586,0.51428574
21.57,43.656,2.621137,0.42857143
34.34,45.6885,2.5417295,0.71875
8.19,43.7355,2.4790974,0.6315789
16.13,35.632,3.1165206,0.73913044
-53.31,40.3875,2.2512507,0.3888889
32.99,44.088,2.3966672,0.5714286
-47.1,49.0725,2.780865,0.375
4.32,39.306,2.0931077,0.57894737
18.49,26.6165,2.0683465,0.5555556
-37.09,10.7945,2.4250576,0.3448276
-11.33,1.4815,3.1179748,0.27272728
-38.38,-12.8445,2.2674677,0.14285715
-10.84,-24.293,2.536311,0.4827586
4.59,-37.5315,2.909382,0.62857145
-28.78,-53.346,2.3474572,0.37931034
10.5,-66.747,2.4658172,0.59090906
-17.61,-74.662,3.3107364,0.52380955
-2.74,-75.9275,2.5461648,0.61538464
-25.04,-73.6805,2.773359,0.73333335
-24.19,-78.6175,2.5594149,0.38
2.45,-83.985,3.7410152,0.5882353
31.79,-90.005,2.7878406,0.5294118
7.73,-85.236,2.96122,0.46666667
-9.89,-78.3505,2.1181235,0.78571427
12.37,-67.1345,2.3255484,0.5882353
42.83,-51.8915,2.7538702,0.5483871
-0.06,-29.6755,2.4793396,0.6818182
-1.57,-16.183,2.4450305,0.7083333
-1.81,-4.255,1.8774891,0.625
1.46,10.3035,2.1055405,0.625
-22.95,20.757,1.988125,0.33333334
-54.41,19.4475,1.9576566,0.2
42.22,8.071,2.5313497,0.5294118
-35.28,2.797,2.1370687,0.45454547
-4.74,-7.1775,2.241286,0.44444445
22.38,-19.364,1.9407353,0.6896552
16.96,-22.4815,2.5223334,0.5
-33.57,-13.2505,2.688221,0.44444445
22.84,-17.636,3.0281239,0.47826087
43.09,-12.7915,2.257685,0.88235295
29.18,-1.7435,2.2999325,0.8181818
19.16,7.2575,1.664479,0.78571427
-48.66,17.245,3.3788536,0.47619048
-13.11,27.0325,1.997841,0.44
34.07,29.7895,2.4112806,0.6
24.22,29.655,2.4817667,0.6818182
11.74,30.9575,2.3282382,0.6666667
12.56,30.3015,2.3232315,0.72
12.1,41.709,1.9797856,0.71428573
-45.82,57.4635,2.838321,0.27272728
6.7,59.604,2.3564718,0.42857143
-51.23,56.756,2.7011652,0.15789473
3.59,41.1535,1.9805973,0.5
37.25,24.9905,2.4639332,0.6363636
35.71,10.2345,2.4808366,0.6
-58.85,9.7635,2.5241737,0.22727273
-16.49,0.443,2.4154725,0.35
-7.58,-0.2585,1.5140277,0.53333336
-3.82,-4.4935,2.1144454,0.5
66.33,-15.6115,2.477496,0.7037037
10.4,-21.769,2.5295134,0.64285713
-27.54,-13.5625,2.5608826,0.3
40.72,-5.2575,2.3879864,0.6666667
-60.62,8.2395,3.1325643,0.60714287
-4.27,12.753,2.4109838,0.45833334
-15.24,5.0635,2.0367768,0.625
34.85,-5.7805,2.363711,0.7916667
-29.7,-5.3015,2.0768094,0.5416667
35.55,-16.6195,2.0289702,0.73333335
-22.36,-9.8785,2.3007264,0.4
-0.31,-7.9285,3.0275817,0.82608694
-29.59,-2.642,3.1118286,0.64285713
-23.77,-11.3255,2.6840737,0.5862069
-25.74,-17.457,2.7399557,0.53333336
29.83,-32.695,3.3108635,0.74285716
39.79,-37.199,2.46346,0.5625
-3.87,-38.615,2.3580992,0.7083333
-15.62,-35.5185,2.472995,0.5555556
4.62,-30.39,1.678068,0.4857143
-19.58,-19.6135,2.2763233,0.4
34.16,-14.4255,1.9459016,0.4
37.44,-11.5515,2.7039123,0.53333336
-27.25,-3.666,2.5849836,0.6666667
-33.37,5.294,2.8849554,0.48
-1.72,5.156,1.9101704,0.6363636
22.04,8.461,2.6105874,0.4117647
-22.82,7.478,1.8878708,0.5
8.4,-2.6715,2.307302,0.46666667
-6.6,-7.599,2.5612192,0.52
19.98,-4.881,2.085493,0.5652174
-60.0,0.401,3.3370626,0.5
-52.77,-7.739,3.1341255,0.4680851
20.39,-20.7085,3.6595426,0.39655173
10.64,-33.486,2.8496625,0.6486486
28.04,-44.6355,2.0759041,0.88461536
-40.74,-54.535,2.5223823,0.61538464
-40.53,-56.5595,3.3093774,0.42857143
-40.05,-54.305,3.7077434,0.44680852
-15.41,-62.917,3.1741793,0.5925926
-9.58,-75.737,2.995142,0.525
54.13,-96.581,2.5784364,0.79310346
-34.51,-99.446,2.8428643,0.41666666
17.31,-97.3765,2.6724327,0.5294118
-17.1,-86.061,2.5098414,0.6666667
6.82,-75.9425,2.5814018,0.5
-33.27,-62.9715,2.8601496,0.5
1.1,-64.7185,2.7168407,0.4848485
-11.44,-60.719,2.7567775,0.24324325
13.76,-61.48,2.6981022,0.6666667
-10.5,-57.085,2.7241492,0.46153846
-27.98,-54.5155,2.986633,0.3846154
2.69,-52.4895,2.7910357,0.78571427
-59.52,-52.916,3.8715875,0.49056605
-63.11,-58.9615,4.822041,0.5833333
1.51,-76.694,3.220087,0.4642857
32.61,-90.7,3.3433638,0.39534885
16.05,-96.2505,2.6012597,0.5185185
6.7,-102.36,2.5524523,0.5
22.11,-97.565,2.7797165,0.36842105
29.63,-77.6025,3.3891032,0.37209302
-11.2,-53.9765,2.48204,0.5121951
4.56,-35.8475,2.1099174,0.51282054
-74.11,-21.388,2.7917483,0.25
52.15,-18.5175,2.5569413,0.45652175
-6.51,-13.1035,2.1545594,0.41304347
27.92,-14.251,1.907821,0.6923077
-0.84,-10.6345,1.8128031,0.39130434
4.39,-8.005,2.4407606,0.46341464
45.33,9.531,3.1985416,0.3265306
10.88,24.128,2.4611175,0.64102566
13.4,41.1375,2.729584,0.6
28.19,53.1715,2.9615228,0.55813956
50.61,69.7385,3.1910589,0.46
15.35,90.042,2.5350356,0.29166666
16.96,100.426,3.7754347,0.5882353
-32.08,111.248,2.47217,0.2962963
-43.24,116.2125,2.824312,0.41379312
9.53,109.72,2.3325233,0.8
-47.46,94.8705,2.385333,0.375
33.22,70.937,1.8688856,0.7352941
-2.36,50.078,2.2369356,0.5862069
-24.75,34.719,2.1885896,0.625
24.38,23.5915,2.6645837,0.59090906
-19.68,10.5135,2.2148068,0.5769231
43.38,6.5805,2.6195993,0.67741936
-60.27,2.11,2.4341772,0.20588236
25.35,-9.533,2.5002525,0.27272728
0.5,-11.2215,2.3468306,0.42857143
-42.04,-17.4935,2.186102,0.21428572
32.0,-23.8685,3.499792,0.45762712
-3.12,-33.473,2.4776194,0.68
3.72,-30.822,2.3108013,0.6956522
-5.39,-31.2715,2.456304,0.6111111
48.16,-30.098,2.5998755,0.76
3.65,-12.526,2.320023,0.57894737
26.99,0.0375,3.3360734,0.5
51.54,15.6715,2.683506,0.7619048
6.02,36.3745,2.463757,0.53125
-10.85,59.534,2.358244,0.5217391
57.99,69.0635,3.0173078,0.6363636
11.57,88.2245,4.5555644,0.41463414
-10.37,103.6015,2.8617184,0.4848485
5.7,105.24,2.606284,0.75
-0.76,107.747,2.6711705,0.5
0.75,111.4385,2.4456484,0.8181818
0.0,105.7885,2.0981517,0.39285713
-42.77,94.813,2.1157832,0.2
29.61,80.763,2.2940881,0.64705884
28.4,70.038,2.5304217,0.64285713
4.15,61.4715,2.6298363,0.7826087
-15.53,54.978,2.7621615,0.53333336
-0.23,45.999,2.0478103,0.61904764
-5.96,45.727,2.2640512,0.47368422
11.38,38.3705,1.8732412,0.54545456
-16.11,29.4505,2.0810277,0.36666667
-19.69,17.4675,2.458561,0.625
-3.24,6.987,2.1323197,0.45
-33.27,-1.2755,2.5398753,0.5714286
33.27,-13.0345,2.5013564,0.51724136
26.26,-22.6215,2.5929954,0.6296296
-1.75,-22.15,2.6115108,0.5714286
23.23,-17.425,2.1188846,1.0
30.64,-9.0865,2.8293884,0.53846157
-6.28,10.7905,2.287376,0.34615386
13.55,23.0725,2.6048946,0.6666667
-52.54,32.1725,2.1920736,0.125
1.87,33.743,2.2539966,0.6086956
6.99,28.8075,2.6999078,0.38235295
42.98,20.269,2.4292934,0.6363636
31.68,20.8525,2.0940814,0.8888889
28.39,23.6855,3.398311,0.63461536
4.04,40.505,2.4751644,0.58064514
47.09,57.547,4.323988,0.5
-29.65,79.958,3.1338124,0.30769232
-34.89,89.894,2.2605655,0.32
9.93,87.454,2.1631,0.5185185
13.59,79.843,2.7026088,0.6086956
-11.09,73.3005,2.5625765,0.57894737
14.63,54.011,1.7960503,0.3846154
-14.58,44.509,2.2139287,0.6956522
-47.31,41.1115,2.2256231,0.35714287
0.68,28.544,2.3843346,0.5416667
-17.48,14.5205,2.7803757,0.13636364
21.08,1.6275,2.6502416,0.5833333
-35.26,-12.02,2.1735544,0.42857143
-31.42,-27.3625,2.4585893,0.23076923
-28.59,-40.5825,2.781878,0.41666666
-28.87,-58.1335,2.892325,0.4
42.55,-76.1685,2.5931165,0.6756757
24.82,-88.9875,2.5961475,0.5833333
-4.38,-89.444,3.8554733,0.4473684
15.78,-82.8785,3.9561694,0.5365854
-14.41,-68.0255,1.8107464,0.5
10.4,-47.2075,2.450562,0.6818182
-40.39,-34.8215,2.5945172,0.5555556
7.07,-35.064,3.169631,0.45454547
17.81,-32.84,2.6120605,0.64
19.46,-30.422,2.9906635,0.78571427
18.54,-22.7595,1.850033,0.71428573
4.38,-13.664,2.0605836,0.6923077
8.36,3.249,1.9016925,0.8181818
-126.22,17.633,2.8395913,0.4
-40.79,9.5595,3.4235709,0.4893617
42.82,-9.3965,2.9917479,0.65625
-1.3,-24.8085,2.8261414,0.6666667
-47.92,-43.055,2.7171328,0.3888889
5.78,-71.7305,2.4307575,0.68421054
2.75,-75.7265,3.3675375,0.5294118
4.88,-72.5965,2.454798,0.6857143
-4.17,-75.5835,1.6597545,0.46875
2.24,-77.693,2.7396166,0.6666667
16.46,-70.1095,1.4980817,0.5
-48.96,-60.424,2.678017,0.33333334
2.5,-59.351,1.3482732,0.4814815
25.44,-57.8075,2.489346,0.4
-31.32,-53.587,2.4977858,0.5588235
-7.93,-54.1585,2.7339168,0.6181818
-25.92,-58.3215,2.8886375,0.53571427
14.38,-55.608,3.8289223,0.6964286
-16.91,-50.3125,2.654714,0.4864865
-42.23,-52.4245,3.3378973,0.325
54.43,-54.191,2.5727367,0.5185185
-29.46,-52.5175,2.3486085,0.44117647
42.33,-52.12,2.8929634,0.7714286
31.35,-46.108,2.2304122,0.5294118
35.74,-32.078,2.666261,0.6315789
-31.74,-6.635,2.342887,0.36363637
30.44,3.4485,1.875106,0.6666667
-5.26,24.129,2.4108098,0.5625
-50.2,35.661,2.8665235,0.60714287
46.08,33.8425,2.3114269,0.625
-9.8,31.9015,2.2307518,0.4090909
16.16,35.662,2.3699634,0.8947368
21.56,33.309,2.5034347,0.64
17.44,35.366,1.9327786,0.6296296
25.99,50.479,2.4845884,0.5897436
-15.19,58.7035,2.4894147,0.4878049
12.44,66.215,2.0245378,0.6111111
-42.17,71.0665,2.7106004,0.44444445
8.49,66.003,1.7443236,0.6486486
-11.82,57.879,2.1886053,0.45454547
22.27,40.676,2.4561083,0.40625
-16.07,32.573,2.3730063,0.6
15.63,18.098,1.8158047,0.6086956
-43.02,16.5175,2.2912753,0.29411766
-2.85,8.4215,2.4818678,0.7894737
6.12,4.0505,4.17495,0.4509804
-7.9,-5.444,2.1198347,0.5714286
-32.54,-11.3875,3.202256,0.45454547
-44.42,-25.603,3.0965323,0.46153846
-18.21,-40.263,2.6842854,0.7241379
-16.02,-54.782,2.3225436,0.4074074
4.4,-73.675,2.5487535,0.35714287
54.6,-89.519,2.5413342,0.5625
29.62,-89.5875,2.2763078,0.6111111
7.52,-75.458,2.5669703,0.5769231
-27.29,-55.26,2.2583551,0.5714286
-27.01,-36.369,1.5195767,0.625
11.97,-21.791,2.680342,0.7777778
19.67,-18.4455,3.111894,0.1521739
36.51,-17.6465,2.8171515,0.5294118
13.09,-13.4645,2.209681,0.625
7.55,-0.7475,2.0717041,0.6315789
-0.02,17.1355,3.4567077,0.48387095
0.75,33.4035,2.5519896,0.60714287
14.0,43.3055,2.0977283,0.8
-25.78,47.8615,2.4107227,0.53125
-6.26,46.24,1.7666998,0.64285713
37.69,42.6415,2.3682306,0.5185185
-45.81,43.075,2.0401666,0.21212122
-8.04,34.9585,1.9753302,0.5
-81.23,21.927,3.3957548,0.3207547
24.74,1.6265,2.2349195,0.375
-30.34,-13.64,1.9141732,0.33333334
-45.02,-37.786,3.0505404,0.26
49.6,-58.9655,2.9925642,0.51282054
38.52,-70.7215,2.6999946,0.43396226
-53.04,-62.688,2.5463607,0.41935483
32.56,-68.909,1.8238636,0.5714286
-25.09,-64.223,1.7472187,0.4117647
2.1,-52.3235,3.1381655,0.6216216
-7.69,-48.2065,1.8895046,0.23076923
10.49,-52.283,2.1630828,0.42857143
-42.1,-43.9875,2.3655608,0.2
37.0,-48.5165,2.6120553,0.6451613
22.63,-42.581,1.8884763,0.85
42.6,-32.969,2.3618658,0.7692308
-37.26,-16.718,3.2258189,0.5
1.0,-8.061,1.888936,0.8
11.89,11.049,2.000869,0.53571427
-56.26,22.296,2.9791658,0.625
49.78,20.1765,1.9383416,0.8
-12.7,13.158,2.1811166,0.65625
-38.46,12.431,2.519763,0.47619048
-19.85,4.3785,3.2079334,0.48333332
26.48,-11.5255,2.1913307,0.5
28.12,-9.7235,2.2138479,0.4827586
-0.69,-11.7375,2.6765347,0.40625
-9.81,-13.966,2.388125,0.52380955
-31.05,-8.348,2.2329926,0.45454547
-56.19,-4.6715,3.5761292,0.22807017
0.01,-14.617,4.366933,0.2857143
6.54,-30.5705,2.1319687,0.5625
0.05,-44.884,4.1260834,0.39285713
-21.81,-59.3305,4.7055054,0.2962963
43.97,-68.9885,2.4813862,0.42222223
-9.02,-59.68,2.3720422,0.4390244
31.81,-49.594,2.5358968,0.53125
-16.2,-37.7825,2.2954538,0.58064514
49.39,-28.628,1.8444183,0.75
-4.75,-7.109,1.0866814,0.6315789
14.11,2.0885,1.8371534,0.71428573
-16.87,17.6975,2.9470382,0.37142858
-111.55,23.7775,3.3577662,0.4189189
33.6,14.798,2.2690055,0.68421054
-54.16,-0.012,2.7121525,0.32
35.66,-20.448,2.684942,0.5925926
20.55,-36.9515,1.8258903,0.625
2.63,-47.029,2.4488769,0.39130434
13.48,-34.893,2.9522598,0.4054054
-6.21,-29.006,1.9316866,0.22222222
-48.99,-16.326,2.3925061,0.33333334
25.57,-18.127,3.3935764,0.34285715
-0.06,-19.8765,2.3852272,0.5625
8.58,-22.16,1.8622086,0.5769231
-10.3,-27.263,3.0065405,0.2923077
-46.35,-30.47,4.1768928,0.3888889
3.87,-31.631,5.197359,0.22727273
-19.55,-35.7385,4.47307,0.13725491
5.74,-43.6635,3.152548,0.3875
31.16,-49.5515,3.0251682,0.41463414
-5.82,-48.9415,3.3830698,0.52
-14.52,-38.7665,2.5637555,0.55263156
16.11,-32.663,2.3360362,0.41379312
16.27,-25.8105,2.600398,0.5
-9.31,-15.9835,3.0475812,0.6
20.9,-16.4205,2.5616639,0.5862069
3.53,-10.7735,2.4254344,0.4516129
2.95,-1.0465,2.6228821,0.54545456
0.82,6.0325,2.1096714,0.33333334
7.89,10.655,2.4088748,0.47826087
6.1,18.014,2.3255014,0.60714287
34.08,19.657,2.6662965,0.71428573
8.69,27.9855,3.4836316,0.6571429
-39.04,37.0225,1.9742657,0.5
-6.73,40.3625,2.2211332,0.44
-42.54,40.598,2.9067006,0.36363637
24.2,30.798,2.021304,0.44444445
9.61,18.0055,2.3182902,0.3548387
12.21,4.04,2.17569,0.59090906
-17.73,0.0005,2.4383774,0.5
-12.91,-3.794,3.5053253,0.46774194
25.56,-1.306,2.0369816,0.54285717
33.43,-0.6405,2.3066528,0.68292683
-7.48,3.791,1.5202678,0.47619048
0.15,5.472,1.2019778,0.4
6.58,10.256,1.6585728,0.625
-3.76,19.656,2.1693141,0.4
-12.17,23.3045,1.9692653,0.53333336
38.73,18.5905,2.487637,0.8333333
1.16,21.223,1.6844414,0.53333336
-3.36,24.3945,1.825668,0.53846157
-55.26,26.0505,3.1461618,0.5897436
-11.35,21.8735,2.7909043,0.36734694
40.06,18.8615,2.4726324,0.61538464
13.67,12.1605,2.2810295,0.6363636
1.71,6.9415,2.4146523,0.53846157
-14.91,0.52,1.5994442,0.25
13.5,4.1255,2.1340706,0.42105263
-17.11,12.536,2.296546,0.27272728
-30.66,10.977,2.6462586,0.18518518
-23.12,1.1985,2.6282961,0.2647059
29.55,-13.032,2.1936548,0.5
-10.95,-18.57,2.6591644,0.5151515
37.07,-26.777,3.653981,0.7352941
-8.83,-26.3735,2.0770612,0.53846157
12.96,-21.155,2.4012713,0.75
-15.92,-9.041,1.762001,0.5625
9.78,-5.4135,1.9811546,0.7777778
20.22,1.263,1.750519,0.7222222
12.63,5.495,2.069342,0.73333335
-16.56,13.447,2.1795537,0.5652174
10.85,16.1555,1.9334341,0.6315789
-18.02,20.9105,2.6194382,0.42857143
-11.95,20.438,2.2367508,0.47368422
-5.46,16.132,1.6063772,0.64285713
-18.59,9.1625,2.1772077,0.44444445
32.53,2.8015,2.5236337,0.36363637
13.32,-1.5935,2.284037,0.27586207
-6.66,0.2915,1.8057873,0.7058824
-5.34,2.713,1.8307767,0.25
4.21,3.8925,1.7520791,0.7
17.97,8.2675,1.4259188,0.85714287
-31.59,10.3095,1.9047681,0.45454547
-13.69,4.401,2.4455116,0.31034482
-12.69,-0.3775,1.8922622,0.36363637
7.97,-6.433,2.2741413,0.5625
-31.21,-11.489,2.4722722,0.47058824
-9.79,-25.612,2.741351,0.36363637
-23.0,-34.397,1.9712771,0.30769232
-34.38,-42.8815,2.6076064,0.48
-41.05,-53.3545,4.0762553,0.46938777
-95.03,-72.407,4.9716544,0.33858266
-58.59,-98.9345,3.9957917,0.4875
18.47,-133.1975,3.3522208,0.5285714
-73.72,-160.6895,3.8236525,0.49295774
32.26,-192.633,3.8096907,0.5
30.12,-212.457,2.7186174,0.6486486
17.77,-207.1325,2.2779696,0.42105263
-44.87,-186.756,2.6907861,0.49019608
-7.41,-177.1365,2.7248456,0.5
32.07,-154.4145,2.5238574,0.5925926
8.2,-133.123,2.5464618,0.6666667
-0.18,-115.727,3.498206,0.5964912
43.06,-103.4925,2.6527946,0.6551724
22.7,-76.5095,2.638661,0.55172414
65.3,-44.926,3.2231674,0.7631579
-56.43,-9.563,3.3750033,0.46666667
-20.22,14.135,2.6727731,0.5714286
-8.55,34.3505,2.8361661,0.47826087
41.95,43.5235,2.433323,0.89285713
27.79,53.3535,2.7044103,0.5714286
-41.15,52.241,2.9393678,0.4864865
14.45,51.493,3.1577435,0.5641026
4.99,54.0245,2.3855953,0.5365854
-52.14,59.9345,2.4933789,0.3611111
2.23,45.1175,2.625511,0.65625
43.27,26.688,3.299737,0.67391306
-12.16,23.8805,3.064241,0.45945945
33.9,17.249,2.3956747,0.6
22.61,12.4645,2.096832,0.8666667
25.33,21.04,2.4872189,0.6296296
-24.03,34.574,2.2883584,0.5555556
1.29,37.0655,2.979604,0.5714286
1.63,42.171,2.4623969,0.6756757
-27.07,43.4335,2.6017256,0.5833333
33.45,37.247,2.5924628,0.6296296
11.13,34.275,1.8244977,0.8181818
-16.02,34.955,1.9590083,0.64285713
92.3,31.962,2.6619756,0.60784316
9.21,41.339,2.2921972,0.42307693
22.11,60.1925,3.2775311,0.68085104
-32.63,77.064,2.4790797,0.57894737
-10.47,84.7595,2.6394951,0.5185185
40.25,94.8115,2.483705,0.5609756
-8.85,92.69,2.0144122,0.56666666
-12.11,84.2945,2.4964464,0.5483871
1.52,69.77,2.5678782,0.65
5.33,64.2225,2.0821366,0.6296296
-4.88,60.963,1.3247752,0.8181818
-36.68,50.617,2.0508504,0.4814815
-3.8,37.6695,2.2009,0.48387095
-5.19,26.9215,1.9052384,0.5555556
22.47,13.5415,1.8461845,0.6818182
25.03,2.532,1.884369,0.48
8.17,-3.485,2.2737823,0.7
-106.71,-2.2945,2.5490413,0.3125
12.82,-13.4535,2.750234,0.38333333
29.75,-21.0955,2.2095418,0.7631579
-16.17,-29.5725,2.112009,0.65789473
-45.55,-40.866,1.7765832,0.5555556
-26.01,-60.041,1.802429,0.23076923
26.04,-60.666,2.112984,0.6
-4.25,-61.582,2.4662087,0.6
37.95,-69.611,2.2271793,0.6296296
-3.78,-66.701,2.2754943,0.625
-29.0,-55.6905,1.5180768,0.25
10.37,-44.4355,2.1404932,0.45454547
31.95,-36.668,1.4945589,0.6363636
35.27,-22.9895,1.6414442,0.6060606
-21.42,-11.8545,2.1511037,0.4
12.65,-4.7105,1.9101557,0.7647059
8.03,9.636,1.5697507,0.68421054
-7.83,22.849,1.7909658,0.6666667
-31.36,29.623,2.3420875,0.5135135
58.38,25.8905,2.2692847,0.78125
17.01,35.209,2.2497275,0.7096774
3.85,39.211,1.8603227,0.5
-40.06,42.8315,2.3946629,0.625
20.76,43.493,2.1487157,0.6956522
-9.27,52.732,2.1054308,0.5652174
18.54,46.6265,1.6030495,0.6086956
21.02,38.6,2.176921,0.5
7.24,34.2595,2.315456,0.7407407
16.33,38.806,2.251557,0.6
-8.92,43.5475,2.701788,0.7083333
0.77,48.6125,2.1139143,0.45
-27.93,48.635,2.347851,0.55263156
-15.54,40.782,1.1912917,0.3846154
22.1,30.7475,2.0842836,0.6086956
22.4,22.3065,2.2654397,0.6818182
-28.26,18.042,2.1990595,0.34375
14.39,10.0175,1.0062082,0.5555556
24.57,10.137,2.113768,0.8
-11.52,16.6605,2.1101103,0.5
-8.32,15.7615,2.054785,0.36363637
9.89,12.052,1.5599872,0.46153846
0.0,16.3285,2.2714896,0.6315789
5.12,17.919,1.7059329,0.6666667
56.88,13.358,2.5106344,0.7777778
-18.94,20.6705,2.4952786,0.5925926
-20.29,26.3445,1.6545069,0.57894737
10.21,28.218,2.6217825,0.59574467
17.44,32.671,2.4922025,0.5833333
80.39,39.0795,3.5941627,0.5692308
-34.21,47.36,3.0783043,0.5964912
9.66,53.8485,2.920631,0.61764705
-5.9,65.492,1.8826904,0.7058824
-13.18,72.8145,2.1786463,0.53846157
36.0,73.8945,2.161116,0.7083333
12.35,64.8285,2.3829358,0.6315789
18.51,65.5775,3.8643737,0.6052632
19.27,65.756,3.1563752,0.5714286
-10.89,70.725,3.6874118,0.64102566
-10.62,77.9235,3.3907344,0.5882353
-7.53,75.752,2.1551888,0.5555556
1.72,69.5665,2.530295,0.43243244
52.3,60.433,3.227424,0.65625
4.11,55.291,4.0029626,0.83870965
14.49,53.1995,2.8263628,0.74285716
6.55,58.252,2.7500434,0.68
-30.05,64.846,2.801486,0.5294118
-16.87,65.67,1.945773,0.6363636
-18.67,54.012,2.7291324,0.375
-34.68,39.604,3.5611365,0.44444445
-25.35,21.2405,2.342273,0.4117647
47.15,-3.948,2.9646764,0.625
10.03,-15.572,2.6545832,0.6315789
-29.62,-22.411,2.4720156,0.36
-20.56,-30.619,2.7098246,0.42307693
-19.44,-33.1765,3.0084565,0.7
-11.32,-32.964,2.1308033,0.5714286
-8.09,-42.952,3.0662293,0.6875
33.37,-55.4635,2.118334,0.64285713
-14.43,-57.5895,2.4106283,0.59090906
-0.01,-58.2975,1.8084527,
-9.33,-55.493,2.522716,1.0
-30.47,-51.739,1.6605872,0.2777778
45.65,-48.319,3.1894865,0.7222222
-16.74,-44.5165,1.6431338,0.31578946
4.68,-39.616,2.3404193,0.8333333
9.79,-33.6835,2.533857,0.47619048
8.09,-25.917,1.6773751,0.7647059
22.58,-11.6875,2.0193796,0.61904764
15.91,-4.1365,2.1350086,0.5714286
2.45,7.4155,1.8958431,0.5833333
55.58,17.13,2.2964935,0.9
-28.75,35.576,2.2968848,0.47826087
30.79,48.6575,2.8959074,0.71428573
0.68,60.36,3.0741086,0.5185185
-10.99,67.956,2.9920022,0.6333333
16.61,72.4415,2.0680633,0.84210527
-24.02,67.744,1.8300422,0.46153846
17.36,64.7885,1.8574067,0.59090906
75.29,59.947,2.7873216,0.8
-19.79,65.5415,2.516515,0.6571429
-26.41,70.3655,2.255221,0.16666667
0.16,67.437,2.1713676,0.71428573
-27.39,67.8135,2.1078153,0.1
-12.76,62.8925,2.1963208,0.4814815
19.06,40.162,2.1597385,0.7083333
1.19,24.4845,2.7225125,0.64285713
7.19,14.7555,2.3720012,0.5555556
16.84,6.478,2.3276746,0.8
-13.9,7.9545,2.520901,0.45833334
-1.51,10.6915,1.9027282,1.0
15.41,9.512,2.3740776,0.5625
-0.5,13.187,3.6267655,0.6956522
-18.97,14.1455,1.8908006,0.33333334
-1.82,9.602,1.7000809,0.5
-13.93,7.6015,2.3004649,0.46666667
-9.98,3.2635,2.1863074,0.6
27.59,-4.8245,1.8241493,0.5652174
28.77,-10.187,2.0526946,0.6666667
-33.17,-6.5705,3.0197315,0.5205479
0.27,-3.8025,1.5071393,0.5609756
-27.8,1.0615,2.4082623,0.43243244
-26.94,2.4295,2.5994987,0.4489796
6.03,-6.2545,2.3960881,0.425
-12.13,-21.161,2.4185157,0.5
5.14,-31.889,1.5353758,0.45
-10.15,-41.293,2.5861266,0.41935483
-1.65,-46.6,1.5530199,0.4074074
6.85,-45.7405,2.1141715,0.68
16.82,-44.0085,1.7558507,0.7058824
6.31,-38.023,1.9514605,0.7222222
158.53,-32.1945,4.9834743,0.5985401
-72.48,0.218,2.478221,0.6666667
-27.22,23.1635,2.3358884,0.35714287
31.44,39.706,2.0785599,0.7619048
75.62,57.5095,2.3651767,0.75757575
-5.65,84.6975,3.6723206,0.6056338
0.21,78.831,2.0575922,0.8055556
-18.81,87.513,2.009148,0.54761904
12.49,100.4205,1.6034601,0.6756757
24.32,107.2545,1.2307248,0.5833333
16.07,102.7125,2.0693786,0.65384614
-38.14,100.088,2.358014,0.4651163
2.29,90.1845,2.1224568,0.5869565
-25.63,85.652,2.322072,0.64285713
-34.19,74.1705,2.3629754,0.35
-31.05,52.955,1.8494009,0.1627907
-47.06,23.01,4.081673,0.19387755
-44.82,-5.813,3.7847779,0.19310345
-0.43,-43.0485,2.8360088,0.13076924
17.35,-74.3815,2.22336,0.62068963
2.98,-95.9605,1.8180882,0.55
37.13,-103.0025,2.0057411,0.8181818
2.85,-99.195,1.3313365,0.8
5.14,-87.3545,1.5858662,0.6666667
1.74,-73.085,1.7780341,0.68
-72.0,-58.245,2.573335,0.2682927
-26.9,-53.8475,2.8061504,0.3488372
10.83,-60.9,1.5082332,0.75
7.13,-67.79,1.6927657,0.64705884
5.13,-74.0125,1.7325101,0.7368421
-4.2,-78.594,1.7290592,0.5
-8.77,-68.6795,0.9569489,0.2
4.67,-56.606,1.7590382,0.6
-7.3,-45.4865,1.3857993,0.4375
-0.49,-38.1715,1.7932484,0.41666666
4.99,-33.6655,1.2785366,0.71428573
16.79,-29.3435,1.8387274,0.5
-8.22,-22.892,1.2193569,0.48
-27.73,-20.849,3.2875326,0.41379312
11.91,-21.5285,1.6900054,0.5555556
-6.34,-19.4565,0.9441899,0.75
-2.73,-19.4935,1.1433913,0.3846154
19.3,-21.4415,1.8946139,0.7619048
-25.97,-18.709,1.3181815,0.3846154
-57.37,-14.067,2.1664548,0.25
-14.92,-20.3265,3.533826,0.39285713
11.2,-31.9735,1.8604363,0.8333333
23.36,-42.7395,1.5619353,0.8235294
-47.93,-53.322,2.8883827,0.5
-31.52,-65.5415,2.0613527,0.3
0.56,-70.7615,2.1234872,0.53333336
32.38,-72.032,3.324194,0.73333335
84.21,-71.1235,2.980244,0.66101694
22.16,-61.4225,2.0989327,0.5
-34.38,-39.672,1.779913,0.5588235
-34.53,-16.7965,1.4796436,0.11764706
74.51,1.035,2.1614063,0.58064514
2.91,24.405,2.14564,0.6
-3.59,30.163,2.6712244,0.6060606
45.68,30.2215,2.3243232,0.6296296
-42.85,44.604,2.4125025,0.18604651
2.93,59.1495,2.158941,0.48
-27.93,59.098,3.0482981,0.6756757
4.24,55.2415,1.9860768,0.5
-49.06,51.4405,1.931904,0.2
-67.91,28.2765,3.4176352,0.4050633
5.75,2.474,1.7103451,0.54285717
20.79,-22.4905,2.3198276,0.45714286
24.8,-37.5835,1.9101439,0.78571427
0.77,-52.199,1.9766417,0.38709676
13.43,-58.4635,1.5315996,0.33333334
26.59,-49.0995,2.7757587,0.41025642
-19.69,-35.28,1.5838863,0.3888889
33.19,-24.1645,1.7855989,0.6363636
4.08,-12.089,1.4777038,0.5769231
-3.34,-0.529,1.7333956,0.6956522
7.74,6.117,1.9786443,0.85714287
15.8,12.3295,1.2122713,0.6
43.34,24.9955,1.4696999,0.7804878
-39.1,37.3435,1.7290344,0.6666667
0.01,44.299,2.7285342,0.72727275
36.33,49.7785,2.1401544,0.7307692
-14.71,59.308,2.2401755,0.4642857
97.79,62.0735,3.7335384,0.5681818
6.84,71.0535,2.6316004,0.6785714
1.41,86.427,2.175071,0.627907
-8.85,98.6145,1.9553045,0.33333334
-22.33,102.4965,1.8308023,0.5
-2.99,107.013,2.2285907,0.68421054
9.03,92.762,1.3679216,0.73333335
-7.49,78.5365,1.5191894,0.55
29.54,63.581,2.5662248,0.8095238
-24.43,56.156,1.4809134,0.3888889
5.72,48.5495,2.3297246,0.6097561
-32.17,44.062,2.5612385,0.42857143
46.64,33.3975,1.599737,0.59090906
6.63,31.0585,2.059466,0.4375
-28.22,24.191,1.3583938,0.3888889
7.25,18.7645,0.85865736,0.5294118
27.27,15.4475,2.0521781,0.7222222
-20.34,20.6995,1.7538984,0.33333334
3.87,13.574,1.5043285,0.6666667
-57.09,7.5215,2.807458,0.61290324
-63.23,-2.1865,2.3857749,0.2857143
-22.5,-17.943,1.9733821,0.4347826
-22.2,-42.1885,2.1813266,0.525
27.87,-65.628,1.6858135,0.5
11.3,-86.1035,1.8641592,0.72727275
