-93.55,-113.009,3.8113697,0.50406504
109.12,-142.875,3.488996,0.5135135
117.86,-144.744,3.8224955,0.5
147.04,-76.328,4.357805,0.44785276
87.23,4.5945,4.1884,0.47619048
103.48,73.455,4.090172,0.42
-101.78,170.2035,3.6452785,0.5217391
616.43,230.7835,6.3438034,0.6651786
-19.5,364.2745,4.9344983,0.7267267
249.82,463.5275,5.510112,0.64935064
-40.99,577.37,4.644191,0.57983196
-121.32,657.6685,4.682182,0.4784689
82.27,743.235,4.203245,0.512
-77.05,711.3525,3.8755367,0.37795275
70.76,675.161,3.773437,0.4057971
175.56,600.3725,4.5135593,0.5263158
-11.29,567.3135,5.050539,0.52747256
-121.8,554.5885,4.1758714,0.4347826
7.25,494.8495,3.6612852,0.47777778
18.13,453.8895,3.6468937,0.47368422
-72.32,407.64,3.4537737,0.30555555
-2.06,310.753,3.2500174,0.46268657
-94.21,221.267,3.5289745,0.44444445
-121.21,147.9045,3.7641704,0.41463414
0.57,62.0515,3.780245,0.25
-31.96,-22.982,3.6325986,0.47115386
-37.67,-93.17,3.9242156,0.42708334
83.0,-173.682,3.5614462,0.51648355
-113.38,-192.079,3.5945573,0.46774194
140.96,-203.776,3.1519606,0.71875
-55.28,-181.952,3.083941,0.52307695
-31.99,-164.081,2.67625,0.5531915
-68.55,-149.544,3.0741618,0.4047619
19.69,-158.273,3.6290863,0.6052632
0.24,-145.226,2.8960004,0.4516129
-9.11,-156.495,2.8525298,0.43589744
-76.76,-149.296,3.3498423,0.32258064
-44.11,-147.7735,3.0110283,0.5471698
45.24,-144.884,3.2397778,0.6
25.78,-138.782,3.1064782,0.6818182
-17.29,-128.356,2.838418,0.44444445
130.25,-122.3155,3.875168,0.5645161
-24.95,-81.491,3.5998163,0.40625
56.95,-38.8695,3.491953,0.6455696
17.34,-2.8845,3.8966024,0.45882353
81.9,30.574,3.0828724,0.6101695
-27.11,78.178,3.9509218,0.5064935
-4.72,93.7825,2.527472,0.40816328
-104.95,115.9155,2.9955418,0.4074074
67.21,105.247,2.4266975,0.32352942
-29.51,108.2385,3.3697422,0.3114754
-12.59,87.659,2.2934182,0.29032257
-29.54,69.0115,2.543776,0.3888889
-5.03,43.357,3.2198398,0.3137255
98.86,38.922,2.6625228,0.4680851
34.81,35.99,2.7974977,0.5531915
-11.59,43.7255,4.323419,0.5463917
52.46,48.405,2.739452,0.4375
15.77,64.658,2.8106833,0.54761904
2.76,86.5445,2.3439429,0.5
-81.65,90.36,3.1818602,0.3409091
-53.55,74.103,4.005867,0.35384616
-17.69,58.644,3.2861388,0.44230768
78.86,29.2695,4.0191607,0.50769234
5.68,12.0205,2.6770163,0.5714286
-38.58,-4.0615,2.5346084,0.42857143
19.06,-5.233,3.0541914,0.5272727
52.1,5.8075,3.3424582,0.55932206
25.11,27.9645,3.3432412,0.59322035
-6.17,32.063,2.4110942,0.33333334
-34.34,37.3445,2.847093,0.41025642
10.32,43.348,2.457377,0.53846157
40.44,46.4595,3.3730679,0.67741936
88.59,43.7375,3.811861,0.65753424
-5.81,49.031,3.0120823,0.35135135
-41.63,59.7845,2.0369816,0.29545453
40.13,72.904,2.7825248,0.4375
30.36,89.3995,2.6462224,0.33333334
69.8,104.9855,3.4185061,0.64102566
-5.29,114.1155,3.145719,0.25714287
-41.55,123.752,2.6710126,0.21276596
-27.88,131.4015,2.2583761,0.1724138
-48.33,124.1655,3.03378,0.46875
0.3,102.722,2.3909934,0.5555556
-16.95,71.5055,3.627735,0.5
-34.05,39.0885,2.344994,0.53333336
-6.19,8.0345,2.3306458,0.5833333
-30.86,-17.418,1.89411,0.54545456
52.21,-35.228,2.4891725,0.5945946
-145.42,-44.013,3.2250977,0.3508772
37.66,-71.568,2.964074,0.6486486
-12.47,-88.3815,2.8842895,0.53846157
-29.73,-105.315,2.0173745,0.32258064
-4.87,-118.007,2.904745,0.7027027
-29.86,-137.4405,2.6061711,0.5
50.19,-132.5595,3.3778086,0.47368422
12.41,-129.7635,2.1937163,0.42857143
-18.71,-120.6035,2.6491597,0.35
-38.21,-107.46,2.3685815,0.45454547
21.28,-95.5835,3.025924,0.33333334
0.0,-74.8075,1.7695701,0.46666667
45.52,-66.148,2.7423248,0.5652174
-32.05,-55.3165,2.3368948,0.29032257
92.31,-47.9675,2.5456653,0.73913044
54.79,-19.115,2.8858538,0.45833334
12.99,12.8525,2.877851,0.627451
110.44,45.068,3.5321853,0.625
-0.31,85.4765,2.1987867,0.32142857
-27.64,130.7035,2.6004546,0.45454547
22.55,155.934,2.7623768,0.53846157
-22.71,166.3165,2.5813086,0.45
-61.95,172.576,2.0275126,0.30769232
-24.79,146.831,1.6385403,0.4347826
41.83,116.112,1.6074018,0.5294118
18.37,96.9515,1.5399356,0.5833333
-71.05,74.5455,2.3845944,0.36
-16.76,48.3045,1.9787023,0.6666667
-20.41,32.56,3.2543745,0.44
-50.62,17.7755,2.436433,0.31428573
7.03,-14.8805,1.960237,0.53333336
13.85,-49.092,2.981259,0.5
49.16,-66.7085,2.0863054,0.625
-84.97,-71.5845,4.156791,0.21428572
14.52,-86.724,2.2936382,0.6
32.41,-84.946,1.9402972,0.7894737
39.34,-76.973,1.9330261,0.6666667
71.74,-65.2195,2.4335406,0.6
-56.48,-47.013,2.5146086,0.55172414
31.37,-20.2985,2.436949,0.8181818
-10.53,6.836,1.5606488,0.5294118
-17.91,27.0345,2.6795313,0.6111111
-108.39,35.5425,2.5515468,0.26923078
-26.64,10.612,2.8833058,0.47368422
30.98,-8.26,2.5979214,0.36363637
14.32,-26.6685,1.5452514,0.3809524
-3.49,-40.462,2.1765285,0.55
68.63,-54.828,2.5165708,0.41860464
8.2,-38.4135,2.0367193,0.34615386
120.77,-16.462,3.4007432,0.725
-52.39,14.88,3.0897884,0.2
-20.05,36.5985,2.5772846,0.33333334
3.71,56.7035,1.9471408,0.52380955
29.65,66.0965,2.3785124,0.6666667
29.21,74.047,2.6476247,0.54545456
-26.48,62.951,2.1413913,0.44444445
24.51,59.978,2.642154,0.44444445
54.18,66.6565,2.785102,0.5714286
-15.04,84.307,3.0266435,0.5405405
-46.0,90.95,2.6212533,0.4827586
-14.34,85.9725,2.435185,0.375
-14.57,83.615,1.5206155,0.16666667
54.25,73.2745,2.9486768,0.72727275
10.58,54.906,0.961677,0.625
-28.58,39.8005,3.0074701,0.33333334
-11.64,31.751,2.6921966,0.5
28.51,24.2325,1.4998351,0.73333335
-39.23,23.7295,2.1996272,0.47058824
-8.96,9.92,1.6994705,0.33333334
97.45,-6.938,2.7696292,0.6363636
29.01,2.578,3.5026834,0.44444445
-45.44,17.647,3.9113026,0.37254903
36.63,19.196,3.7732105,0.525
83.72,34.2715,3.6274252,0.61616164
-1.1,65.177,3.8214126,0.25287357
-10.25,77.8895,2.0329118,0.2777778
18.56,81.655,3.248269,0.38235295
44.04,98.5165,3.4126377,0.5294118
34.0,117.369,4.7186646,0.6666667
-42.76,123.8255,2.2184575,0.35714287
-40.16,121.637,2.6942642,0.4057971
7.03,115.1375,2.850344,0.45714286
22.89,105.254,2.7642157,0.43333334
-45.59,92.7075,2.4312704,0.33333334
63.97,67.0515,3.2911263,0.59090906
8.1,58.1135,3.4784725,0.55263156
59.68,57.467,2.6404665,0.75
214.56,65.792,4.9628854,0.6195652
-53.17,99.7615,3.3254359,0.6086956
24.26,134.426,2.82904,0.6388889
-40.73,165.3345,3.102891,0.5714286
8.61,188.9495,3.2569127,0.5
-9.82,199.648,2.4517858,0.5277778
-44.31,167.793,2.5791209,0.42105263
-37.0,144.1115,2.9990478,0.6551724
-26.23,109.2715,3.2676473,0.47826087
24.16,79.05,3.1304252,0.41463414
-9.53,51.658,2.442892,0.48387095
-38.98,27.87,2.6142545,0.47727272
19.85,8.7985,3.5910525,0.41666666
-31.48,-2.0335,2.338479,0.42857143
59.53,-13.9595,2.0875845,0.71428573
9.54,-21.4365,3.131566,0.5416667
-0.44,-25.585,3.3055103,0.425
-52.47,-24.285,3.3410163,0.3090909
56.44,-31.627,2.9893136,0.425
-52.16,-23.7235,3.1748457,0.5862069
37.89,-32.5645,2.8438962,0.3888889
-41.35,-26.906,2.4801395,0.4
-1.88,-30.0205,1.935115,0.5
-61.06,-21.5345,2.7406123,0.42105263
29.52,-35.868,2.6585307,0.51428574
-0.9,-34.913,2.7105904,0.5
-36.09,-42.1605,3.1545095,0.29545453
5.24,-48.7685,2.1385026,0.39130434
-1.09,-55.7705,1.6149328,0.5294118
-23.85,-52.148,1.2571477,
20.2,-56.799,1.7512724,0.41666666
3.97,-58.428,1.7309738,0.75
-24.45,-54.19,3.0013385,0.6315789
-55.19,-54.067,3.4406261,0.34285715
30.97,-63.597,2.3362896,0.5263158
0.23,-60.7365,3.4194963,0.3548387
26.75,-61.404,2.033467,0.45
26.58,-58.875,1.5796775,0.6
-83.94,-50.0925,2.57337,0.37142858
17.59,-40.0435,1.8409606,0.73333335
9.35,-36.154,2.696381,0.8
33.15,-29.014,2.0474193,0.8235294
-50.43,-24.3175,2.569482,0.52
-27.1,-32.594,2.3266473,0.5833333
53.44,-31.199,2.4349012,0.4473684
14.81,-23.8305,2.7456336,0.5
3.5,-16.1555,2.0217953,0.375
-52.05,-16.3925,3.306754,0.39130434
-45.61,-13.9945,3.032755,0.36585367
57.03,-13.0745,3.1430922,0.6666667
80.31,-14.0665,2.8111415,0.5681818
27.97,-4.9655,3.1183891,0.39285713
34.16,7.831,2.0830836,0.5
-58.9,34.941,2.0473845,0.34375
42.4,59.3195,2.4678953,0.5882353
-57.43,78.3105,1.8464528,0.47619048
13.46,72.637,1.3675447,0.5833333
32.01,64.724,2.1402767,0.6
14.42,56.108,2.335275,0.84615386
-42.8,57.584,3.8565857,0.6785714
5.14,45.042,1.6499597,0.64285713
-16.96,45.2265,1.4892097,0.5294118
-16.06,41.8315,2.9155374,0.31428573
-19.44,27.1065,2.7422795,0.5555556
-50.01,5.227,2.2117946,0.33333334
-6.4,-12.9215,2.1944184,0.42105263
23.34,-33.3645,1.5086292,0.42857143
-26.77,-46.739,3.2722847,0.47058824
38.93,-63.52,2.1782274,0.6
14.16,-72.8555,1.957425,0.47058824
-25.21,-66.7415,1.9026089,0.30769232
34.24,-57.718,1.5849341,0.6086956
16.24,-46.8255,1.7529147,0.5833333
-46.32,-26.435,2.1132305,0.45714286
-12.36,-23.808,2.391685,0.6
-10.06,-23.7475,2.0912824,0.4642857
-19.69,-23.026,1.548747,0.45833334
58.42,-31.433,2.297696,0.475
16.25,-32.725,1.8897766,0.47826087
-6.33,-21.5945,2.8121219,0.5714286
20.09,-11.0815,1.5600628,0.68421054
45.96,4.714,2.0511527,0.5555556
-1.53,30.4945,2.4368615,0.72727275
-23.89,43.557,3.044252,0.6
21.97,48.8125,1.7398326,0.6666667
-12.01,56.129,3.2156322,0.516129
-30.14,56.957,2.696605,0.32142857
-26.14,45.5695,2.4001482,0.5263158
-19.73,29.2305,1.5290952,0.5
103.47,17.105,2.5610619,0.79310346
15.93,16.526,3.0594895,0.6
-15.55,19.478,3.3988245,0.4857143
-49.68,27.3935,2.7798696,0.35714287
22.92,34.767,2.6254995,0.5
64.44,46.611,2.581585,0.61290324
47.21,47.193,2.6181839,0.46153846
21.86,51.1675,3.391832,0.32467532
44.97,60.5465,3.5865698,0.5555556
-32.63,88.368,3.049989,0.32692307
-21.24,107.524,2.9664836,0.31506848
-16.89,110.288,2.5677853,0.48387095
-10.91,102.3015,2.967989,0.34375
21.5,90.6065,2.2674842,0.5185185
-15.37,73.067,2.0688899,0.39285713
20.35,58.555,2.4105306,0.5
2.28,52.444,2.7287798,0.6111111
-54.24,49.16,2.5421357,0.28125
25.63,38.524,2.975777,0.6486486
-8.69,26.125,2.5847278,0.38709676
4.27,14.623,2.392666,0.6363636
-3.71,4.7675,2.0105844,0.31578946
-26.28,-5.3075,2.2701652,0.25
-17.55,-9.2555,2.4282146,0.43333334
1.63,-23.158,1.9371346,0.53333336
-4.12,-33.8845,2.6853247,0.5
-0.02,-42.8605,1.799387,0.36363637
-7.95,-48.735,1.7762431,0.4375
-0.73,-49.451,2.8273356,0.33333334
0.16,-44.518,2.2070198,0.6451613
-18.34,-41.5205,2.6100197,0.3846154
-2.04,-41.509,2.6198738,0.3181818
0.27,-42.569,2.171966,0.3846154
-19.42,-42.5435,1.6475291,0.3846154
-16.4,-44.2095,2.0058677,0.55
10.58,-49.134,2.2260292,0.2
-17.06,-47.7895,1.7735853,0.125
-23.73,-48.4835,2.6005304,0.2777778
6.11,-55.503,1.7480897,0.33333334
6.86,-56.5645,2.616192,0.4117647
-37.39,-53.7635,2.940887,0.14285715
9.39,-58.4735,2.047778,0.2
37.31,-58.5475,1.4628131,0.625
40.32,-49.5935,2.3624036,0.36842105
37.61,-36.5265,2.7486432,0.5263158
-12.99,-19.365,2.4184694,0.27272728
13.67,3.123,1.4747974,0.3846154
11.59,25.782,0.8602959,0.4516129
27.76,42.809,1.5666139,0.6
18.11,55.9015,2.2662344,0.42857143
-25.71,64.5365,2.330494,0.42105263
-32.19,70.9945,1.6678578,0.14285715
37.76,69.7865,3.2395828,0.3888889
-28.19,71.2845,1.4817022,0.11764706
9.51,62.0325,2.124587,0.45454547
20.27,49.7655,1.7392936,0.4117647
-11.38,46.2095,2.1971767,0.46666667
2.64,46.53,1.3806887,0.3846154
6.99,38.51,1.7400258,0.75
8.4,37.4385,1.7591089,0.5
16.23,36.07,2.8327067,0.68
-38.43,31.212,2.7788851,0.31578946
5.87,23.3405,1.8701546,0.71428573
44.46,17.6885,1.7632126,0.625
3.27,19.3245,2.9387503,0.5
-33.68,21.566,1.513449,0.375
-130.43,14.8605,3.8797889,0.53061223
-96.13,-3.0435,3.7919042,0.3970588
-56.02,-35.802,3.99888,0.47142857
65.03,-84.471,2.1953206,0.64
-10.91,-123.1345,2.3024871,0.4375
19.04,-157.9855,2.222603,0.5925926
-29.51,-165.504,2.5603619,0.4
31.1,-156.3305,2.2849994,0.5925926
11.84,-132.6965,2.431569,0.65625
-10.71,-120.0725,2.0734599,0.27586207
-62.37,-105.8575,3.1095984,0.46341464
15.36,-105.3755,2.3645837,0.5
14.62,-96.465,2.3673265,0.46153846
-27.86,-91.23,3.3148394,0.6984127
59.97,-91.7805,2.3504348,0.64705884
19.06,-80.382,1.8213199,0.46666667
70.51,-56.207,1.9890326,0.5
-13.24,-24.358,3.286597,0.47826087
-2.41,4.806,1.9725034,0.53333336
246.5,39.342,4.599027,0.57954544
193.72,97.175,4.7204876,0.62857145
-57.27,174.5805,3.9973593,0.62616825
32.34,225.0305,3.2783334,0.7
-26.38,280.176,3.150574,0.47058824
10.01,335.098,2.9033144,0.6981132
-97.19,341.6755,3.4515316,0.65957445
-31.63,295.884,3.472857,0.5714286
-27.51,254.5995,2.7772174,0.3030303
-43.99,205.3145,2.6252728,0.44117647
24.98,155.214,1.5899737,0.55172414
-63.96,106.3245,3.4427755,0.375
2.55,64.1585,2.0956717,0.41666666
-102.98,29.5005,2.7343864,0.33333334
-72.58,-15.759,3.8002362,0.36633664
25.0,-64.5,2.4456303,0.41304347
-52.76,-111.4905,3.669059,0.40789473
-37.53,-152.8605,3.481968,0.45070422
-4.09,-196.8455,2.5792708,0.5416667
33.62,-221.509,2.3908248,0.5833333
-43.21,-226.7355,2.2468207,0.5609756
-70.13,-231.1185,3.5201774,0.36842105
30.44,-225.785,2.628325,0.7083333
-20.95,-211.059,2.6270628,0.7096774
23.3,-197.04,3.2247183,0.6666667
-15.63,-187.5655,2.9551258,0.6956522
28.61,-171.092,2.2218218,0.7619048
-1.89,-141.1435,2.3469417,0.6875
12.02,-119.1465,2.3771358,0.23076923
25.46,-92.185,2.2159526,0.42857143
35.62,-68.2675,2.355079,0.51724136
-23.25,-34.901,2.4331825,0.5
2.93,-13.9655,1.7183354,0.5
32.73,7.913,1.8997585,0.51724136
-19.0,27.1495,1.6496043,0.68
-47.84,34.817,3.4075193,0.4827586
-72.36,29.435,3.583751,0.63492066
-41.93,15.215,3.1136234,0.5869565
-98.94,-7.756,4.7079525,0.5578231
15.56,-52.3175,3.6543412,0.6315789
46.27,-89.066,3.1814306,0.42307693
-47.35,-111.4645,3.4549928,0.47435898
4.9,-130.002,4.2121873,0.31683168
-4.99,-137.8985,3.548712,0.390625
15.05,-128.4175,3.3279383,0.25714287
27.02,-118.6235,3.1945512,0.41935483
2.68,-114.745,3.5623817,0.34146342
-26.66,-99.56,3.4202302,0.4117647
-86.06,-89.4465,3.8384192,0.37931034
19.22,-89.8275,3.9649744,0.4
20.93,-89.0645,3.4923558,0.4375
32.14,-89.0375,3.3810196,0.24489796
-41.57,-85.8865,3.2464101,0.18604651
25.87,-83.493,3.181599,0.225
7.18,-58.3705,3.1215034,0.25
-26.86,-36.9615,3.0279627,0.11764706
-26.28,-25.8225,3.083565,0.2
-41.94,-28.671,3.41072,0.08571429
19.08,-31.5945,3.562704,0.22222222
38.75,-41.9895,3.8394792,0.2826087
-23.38,-47.2325,3.5002143,0.23809524
62.85,-48.2975,3.6821127,0.11627907
-15.6,-37.0465,3.2917657,0.23404256
35.23,-19.5025,3.5750184,0.20930232
-41.91,-0.514,3.5183942,0.17073171
42.39,5.192,3.3577027,0.1923077
-2.7,23.283,3.2976475,0.11111111
-3.04,28.8955,3.1838205,0.16071428
-2.97,35.7375,3.3107805,0.13725491
-47.48,30.591,3.3239024,0.18032786
-39.76,27.6615,3.394672,0.03846154
22.47,11.2505,3.3504734,0.14814815
-32.86,-0.16,3.2645347,0.22033899
-3.03,-17.8335,3.035212,0.18181819
18.34,-34.074,3.231636,0.1388889
11.8,-37.706,3.0724761,0.1764706
-29.72,-32.96,3.2066357,0.16216215
3.64,-38.4375,3.078105,0.36666667
-7.78,-38.894,3.266183,0.12903225
-32.99,-39.0285,3.3294117,0.1875
-186.65,-45.842,4.683162,0.32317072
67.44,-84.1795,4.2882853,0.40944883
55.49,-103.7235,3.544149,0.40425533
50.08,-116.4505,4.356843,0.29761904
8.51,-118.298,3.603417,0.22
-30.95,-114.366,3.2946157,0.19444445
-8.89,-75.625,3.6691048,0.34042552
13.35,-51.17,3.46764,0.24444444
44.93,-35.9985,3.811598,0.2962963
69.28,-24.2525,3.7521353,0.31666666
15.37,-6.191,3.7469695,0.32876712
-17.67,18.376,3.534627,0.29090908
-50.29,43.181,3.400857,0.20689656
-13.36,56.128,3.694196,0.22413793
32.67,57.9315,3.5100207,0.37037036
50.56,51.6965,3.6610544,0.36619717
25.43,50.5625,3.4506063,0.4642857
1.16,55.289,3.3661356,0.32692307
-9.65,70.43,3.356159,0.4883721
-5.47,86.4065,3.346455,0.44680852
-41.7,93.3775,2.8777535,0.16666667
19.17,74.647,3.370305,0.3181818
-17.87,56.559,2.8300478,0.36585367
67.21,38.055,3.4814415,0.38181818
9.38,34.067,3.3239665,0.28
19.07,33.009,3.6150615,0.30120483
-71.55,41.6045,3.1141853,0.39285713
-7.44,35.7015,2.860175,0.17073171
8.71,33.295,2.9890776,0.1891892
-29.8,21.0,3.1880112,0.28301886
3.82,5.821,3.4874668,0.22222222
39.64,-11.832,3.479717,0.19298245
17.68,-10.1125,3.1829247,0.3442623
-69.7,-6.7625,3.1286578,0.4347826
-92.17,-16.2775,4.34396,0.6229508
-1.07,-32.026,3.6796515,0.5714286
-3.62,-46.167,2.4675138,0.3846154
29.47,-67.244,2.62039,0.51724136
-18.16,-87.381,1.9934179,0.3809524
-43.68,-96.786,2.8711538,0.42857143
67.55,-94.5795,2.7919328,0.675
44.72,-84.112,2.5888445,0.61538464
56.77,-65.7355,2.3954377,0.65789473
50.93,-45.726,2.6315184,0.675
-30.15,-11.0825,2.6322823,0.35714287
58.45,28.2435,2.8786888,0.59090906
-1.95,63.777,2.243317,0.53571427
47.56,86.4985,3.660147,0.5151515
3.84,104.629,2.551483,0.42105263
41.88,113.585,3.0962873,0.5510204
26.12,133.361,3.1740978,0.53846157
5.09,145.556,3.5582023,0.625
-22.29,160.8865,2.5876422,0.42222223
64.66,164.2445,2.5378942,0.62068963
16.88,173.0485,3.2645957,0.50793654
115.24,171.3995,3.3886569,0.5
66.96,181.7615,4.812249,0.5180723
19.18,200.4625,3.5930226,0.527027
-25.44,227.974,2.683752,0.5625
352.64,237.829,5.3595614,0.66295266
-49.76,295.1135,4.535688,0.6403941
41.34,325.8715,4.184205,0.5
-45.28,352.466,3.7504025,0.47560975
-20.29,371.2705,4.095702,0.45801526
6.93,394.666,4.1894565,0.505618
-48.14,346.9405,3.9673738,0.5882353
-60.0,304.0565,3.4484487,0.46969697
-100.46,243.8085,4.165781,0.5243902
-36.7,179.9255,3.799732,0.50617284
-55.2,114.7875,3.9123502,0.5375
-35.75,41.532,3.4309323,0.5263158
56.48,-26.1505,2.6559355,0.6
-21.76,-73.11,2.6799724,0.61764705
-4.29,-104.355,2.5277617,0.63492066
16.29,-125.6705,3.167204,0.41025642
-4.63,-133.2395,2.8409884,0.5319149
-9.07,-128.5895,3.2111444,0.62222224
-104.29,-132.9595,3.3817708,0.45714286
52.75,-147.6625,3.575786,0.5753425
8.22,-154.5565,3.022597,0.625
49.68,-144.066,2.6256154,0.47727272
-32.23,-127.485,2.8002944,0.64912283
27.34,-112.502,1.7752218,0.6666667
-59.31,-74.826,3.3956003,0.63461536
-109.29,-57.827,3.7051587,0.39534885
47.24,-58.5175,2.1362164,0.52272725
70.32,-64.464,3.3851545,0.45652175
-77.42,-56.418,3.5803907,0.5
33.36,-70.4745,2.4458477,0.46666667
16.12,-69.764,3.4669352,0.67741936
16.45,-47.72,3.002182,0.4680851
-49.39,-34.446,2.627904,0.6666667
-57.39,-39.8195,3.1165357,0.6545454
9.59,-39.407,2.4122186,0.68333334
-35.46,-44.444,3.0163655,0.57894737
-127.06,-57.6465,3.8708386,0.42105263
63.9,-93.4305,3.857488,0.44329897
8.18,-110.047,3.6052065,0.44578314
73.02,-119.171,2.563348,0.54545456
-19.39,-116.5185,2.4464083,0.54545456
-99.6,-109.2705,2.8936298,0.53846157
13.65,-89.0645,2.256868,0.4878049
-13.01,-81.1985,2.592191,0.4814815
42.57,-75.555,1.2174289,0.5588235
4.34,-81.617,2.1222963,0.57894737
32.57,-88.6165,1.8830342,0.45454547
16.12,-68.448,3.0942578,0.5714286
44.47,-45.9325,2.5272977,0.5625
-22.97,-18.015,1.6353161,0.5882353
27.79,-0.4205,2.3477287,0.61538464
86.25,21.2805,2.5927672,0.54761904
-46.03,50.2275,2.3727574,0.25
-15.39,66.8845,1.9266036,0.54545456
39.13,69.4695,1.9308313,0.77272725
14.06,84.087,1.8887697,0.6666667
-25.39,93.4825,1.4845434,0.625
62.58,75.466,2.827597,0.5217391
-11.74,80.347,2.4124362,0.5151515
4.01,87.3865,2.0408125,0.6
13.06,90.8535,2.2551486,0.88461536
7.73,92.4985,2.5107954,0.5588235
47.65,95.239,2.5980291,0.6216216
-28.33,93.2955,2.762669,0.64705884
50.33,88.224,2.8446844,0.6956522
-17.02,91.83,2.0132685,0.5294118
-14.35,90.488,1.7906421,0.5
-31.47,87.292,2.8784509,0.33333334
-35.95,70.3645,2.4987676,0.3888889
38.64,55.9355,1.8819673,0.5625
10.07,35.817,2.9589272,0.5714286
-2.61,22.0025,1.4845026,0.5
40.8,14.9775,2.3657758,0.37931034
2.74,17.7875,2.2918992,0.52
-11.35,27.4285,2.0899572,0.47619048
-9.99,29.595,2.0035818,0.25
-75.0,28.9505,2.9943137,0.34375
-54.38,16.3105,3.104476,0.37037036
53.1,-9.519,2.553946,0.65
-12.35,-28.3765,2.400684,0.42105263
16.99,-46.616,2.9052544,0.5
-37.76,-59.654,2.4849808,0.2857143
38.42,-63.025,2.0215793,1.0
25.48,-47.3705,2.2915585,0.375
-29.01,-39.9305,2.1713595,0.375
17.02,-31.8545,1.9906759,0.5555556
-10.26,-25.476,2.4596624,0.21428572
35.6,-13.8,2.528515,0.5
59.08,-6.045,3.144522,0.4375
67.69,3.679,2.841633,0.72727275
-33.45,31.287,3.379191,0.5121951
-55.17,50.979,2.8717008,0.19354838
42.44,64.318,2.6728644,0.61538464
28.03,78.9465,2.9471989,0.7
16.51,86.101,3.098837,0.5416667
-28.48,81.6255,2.6652644,0.7
47.43,79.068,3.4597006,0.55263156
-25.46,90.907,2.9304378,0.4722222
-8.77,87.7175,2.1468863,0.22222222
-27.78,80.2615,2.9784594,0.45833334
6.54,64.7215,2.185234,0.5833333
-2.02,56.708,1.6603345,0.8
15.68,37.017,1.5370414,0.6666667
-89.4,26.6915,4.0228305,0.52
-71.55,5.984,3.4633307,0.42857143
5.94,-21.351,3.5321531,0.38709676
3.89,-48.251,2.588895,0.55
44.05,-74.6765,2.1952527,0.78571427
-84.35,-95.8555,2.735345,0.53846157
42.64,-108.853,3.2870517,0.6764706
-23.05,-97.758,2.2387238,0.54545456
3.2,-92.983,2.4309976,0.7777778
25.11,-91.264,1.9986964,0.75
1.76,-92.4585,2.1822925,0.5
17.61,-75.1175,1.9839983,0.75
-22.02,-62.838,1.8376422,0.4375
16.61,-50.677,1.6179198,0.6363636
-24.36,-34.293,2.1428728,0.6666667
50.58,-27.86,2.155987,0.375
-21.27,-14.632,2.1709764,0.5
15.11,-9.5055,2.4651818,0.4516129
36.45,2.6205,2.3761272,0.47058824
-11.63,16.7925,3.0289838,0.58064514
12.56,34.876,2.3253841,0.61904764
-5.11,40.2595,1.7026477,0.4
36.03,45.551,1.9104991,0.5714286
-0.2,53.7895,2.4303124,0.7
-49.01,54.902,2.0537338,0.32
-17.33,53.19,2.3402064,0.33333334
4.74,42.662,2.4872339,0.61538464
-17.72,36.001,2.044885,0.6666667
36.87,17.9675,1.7441384,0.6363636
16.86,5.664,1.8726757,0.33333334
-10.85,6.9475,2.4378176,0.33333334
-4.84,9.475,2.1005766,0.5
-7.63,11.2075,1.4731324,0.61538464
27.7,14.238,2.479,0.5833333
-78.4,15.4315,3.1032507,0.4827586
41.25,0.275,2.140727,0.65384614
34.69,-6.7215,2.8051376,0.42857143
-25.47,-8.6065,1.6853818,0.33333334
48.94,-12.0305,1.4906341,0.5714286
-12.73,-12.5685,2.0670905,0.54545456
-0.49,0.0825,1.5497644,0.54545456
6.45,8.67,1.6816078,0.3888889
-28.74,11.029,2.4005046,0.34375
-22.25,16.06,1.3589617,0.33333334
-9.81,7.9545,2.4885018,0.65217394
-31.21,-1.527,1.814657,0.1764706
-14.92,-16.289,2.1594663,0.5714286
11.48,-34.342,2.6759202,0.2
-23.63,-45.809,2.2867515,0.2857143
-48.6,-54.5245,2.841381,0.42307693
19.32,-67.7235,3.564036,0.30952382
37.85,-72.3225,2.9565563,0.44444445
20.82,-68.5025,1.5594785,0.7368421
-16.26,-64.237,2.4404652,0.26666668
-48.02,-56.1135,1.6159943,0.5294118
40.7,-49.395,1.3675115,0.7894737
33.16,-39.281,1.9788737,0.7
23.77,-30.0265,2.264953,0.42857143
1.09,-22.644,2.3826191,0.77272725
32.48,-9.401,1.5644803,0.5
-84.39,17.6815,2.5172174,0.3
24.37,23.9425,2.0308642,0.6956522
27.37,27.549,2.1534352,0.6666667
-71.16,29.068,2.0973613,0.27586207
22.98,18.5805,2.2472076,0.4
-19.59,4.552,1.8304384,0.33333334
48.11,2.9,2.0175767,0.64285713
-78.61,2.5395,2.4054413,0.5
6.17,-14.509,2.634301,0.625
-135.31,-17.581,3.8308253,0.48235294
1.98,-47.973,3.4006045,0.62711865
-6.02,-73.1825,3.0510416,0.45454547
1.8,-106.6205,2.1979077,0.5714286
20.43,-123.767,1.753997,0.48
27.31,-139.895,3.0368018,0.45
-9.96,-127.264,1.9441644,0.6666667
-6.37,-114.4885,2.1335673,0.47619048
14.94,-99.8075,2.0470617,0.625
-0.17,-81.0695,2.2349763,0.5
30.16,-66.385,1.703105,0.6
0.43,-51.0165,1.7008605,0.44444445
-18.69,-37.811,2.3439505,0.6666667
-19.72,-24.9155,2.7563171,0.25
-27.47,-16.6015,2.4981387,0.53846157
46.63,-15.933,2.5555801,0.6875
24.12,-13.5945,1.9482816,0.6296296
-14.91,-8.7055,2.124035,0.3478261
37.61,-0.0085,2.0898447,0.6923077
9.57,14.3475,1.9983007,0.4375
-4.37,35.9405,2.337874,0.47058824
-17.58,41.3745,1.9728581,0.3
20.77,39.447,1.6860044,0.5714286
-3.81,43.316,1.1829565,0.75
8.15,38.9315,2.0880346,0.6
-48.05,34.8745,2.5736544,0.42857143
1.3,26.8205,3.1066425,0.53125
29.47,21.9785,1.8844738,0.7826087
-39.27,17.084,2.4471798,0.6666667
26.2,7.812,2.0838704,0.5625
-63.01,0.832,2.1435494,0.4
-16.33,-5.774,2.9924796,0.5344828
19.65,-15.067,2.3692415,0.7058824
0.81,-28.2415,2.078187,0.44444445
14.54,-34.429,1.9615487,0.55263156
-8.27,-45.0485,2.2657552,0.625
31.79,-42.124,2.0308,0.6666667
11.56,-29.9555,2.400975,0.64705884
-29.59,-20.727,3.0996516,0.725
3.78,-14.218,3.4681478,0.5925926
-31.83,-9.5725,2.8278005,0.5641026
1.11,-8.266,3.095935,0.43636364
65.41,-14.0335,2.65257,0.7647059
23.75,-11.2665,3.0659573,0.6315789
-83.36,0.7915,2.9190829,0.3846154
55.58,-0.001,2.3327029,0.5882353
-4.52,11.8305,2.1720572,0.46875
11.59,23.472,1.4147458,0.54545456
65.68,25.2455,2.534785,0.5483871
58.27,30.156,2.5976229,0.6571429
-35.5,61.789,2.6584089,0.40350878
39.19,73.831,2.1897154,0.5588235
-9.71,91.0645,2.3282042,0.44
-29.64,105.5075,1.5937942,0.4
25.24,102.409,2.6367261,0.5
-66.19,92.1695,2.026157,0.31034482
29.78,78.688,2.446688,0.375
36.07,63.315,3.5914898,0.61764705
19.84,55.8725,1.4674917,0.7692308
44.39,55.856,3.1053743,0.5777778
27.81,57.637,3.8326948,0.86206895
-10.02,75.2375,3.4852464,0.6956522
33.64,85.4305,2.4099298,0.6
-41.74,96.722,1.8748038,0.1875
86.25,98.9705,2.9315803,0.71428573
-57.43,101.1125,2.2724278,0.35135135
29.78,91.8535,2.7653017,0.5777778
-54.31,89.0575,1.9736559,0.39130434
14.58,71.97,1.9482046,0.73333335
-34.78,68.7015,3.2153246,0.54285717
5.04,45.8795,2.0904112,0.6315789
-13.05,33.525,2.845863,0.6666667
-8.57,15.2425,2.800667,0.5
8.56,6.0495,3.021419,0.6923077
8.28,-6.256,3.1265943,0.65
23.85,-9.103,3.0720875,0.6666667
-22.39,-12.688,2.918538,0.36842105
22.81,-15.532,2.0817602,0.54545456
-12.53,-11.4365,2.002466,0.23076923
16.76,-9.942,2.6259923,0.36363637
13.98,-5.3685,2.2785096,0.85714287
16.29,-2.0755,3.4964764,0.5
-3.64,7.639,2.4660134,0.5833333
44.58,13.927,2.3974197,0.6315789
-18.18,27.3195,2.4661348,0.41666666
-41.53,38.947,2.6667643,0.44444445
-4.52,38.675,1.988362,0.33333334
-7.87,35.956,2.2546976,0.84615386
-24.87,30.071,2.016226,0.5
42.27,12.2705,2.7744944,0.75
26.68,2.7055,2.7535448,0.6923077
-37.55,5.7015,2.6746058,0.7
41.28,3.313,2.734274,0.84615386
-20.96,8.2615,1.3642685,0.5
-0.01,15.4685,2.476914,0.56
12.42,14.632,2.7045126,0.8333333
8.37,11.5145,2.7225072,0.53846157
-12.51,16.0435,2.110768,0.5
-3.45,11.5785,2.4676843,0.6923077
21.39,10.1615,1.9636153,0.6666667
18.06,12.795,2.3143249,1.0
-45.61,16.3495,3.102617,0.33333334
-90.04,12.204,3.4683783,0.4509804
-22.72,-3.1275,2.9083247,0.4090909
47.84,-18.245,2.3839135,0.73333335
-19.6,-31.373,2.5718286,0.5
-49.65,-53.1275,2.2342162,0.34375
56.27,-73.4325,2.2519085,0.7941176
28.65,-67.682,3.2664204,0.754717
354.87,-55.2715,5.5704927,0.62835246
-92.86,2.915,4.0489306,0.5645161
-168.5,52.4255,3.4292135,0.4347826
-221.78,84.715,4.167745,0.36708862
-48.17,74.9125,4.582397,0.4651163
119.05,51.1065,4.299986,0.55454546
1.47,-25.8185,3.5977805,0.47619048
-13.33,-83.3275,3.0998838,0.5416667
7.76,-108.718,2.8003528,0.5869565
-12.14,-89.7,2.4009378,0.6086956
-5.94,-63.0415,2.9895759,0.5
17.85,-59.6495,1.6417366,0.52
42.9,-52.973,2.2812316,0.6363636
34.89,-39.478,2.562251,0.54761904
32.28,-26.805,2.7342467,0.5762712
25.44,-7.7635,3.3177295,0.5
-34.16,18.1915,2.3250937,0.41304347
-77.66,34.4745,2.6868327,0.3888889
8.19,28.0475,2.400413,0.4848485
1.77,18.6865,2.2604654,0.44444445
30.85,4.5675,2.6046648,0.46341464
-47.57,7.7295,3.432015,0.45652175
12.76,5.9445,2.2417357,0.5151515
50.88,13.1805,2.9544158,0.7222222
25.87,15.443,3.0584939,0.7222222
-5.33,18.8235,2.9562085,0.5277778
5.39,21.1865,1.9836448,0.5833333
42.67,33.9455,3.0022078,0.6086956
-4.75,49.8865,3.1530988,0.5121951
-31.73,55.327,2.2319062,0.5
-79.88,50.62,2.3432884,0.26923078
17.5,34.7565,1.5933492,0.4814815
45.67,21.332,1.732043,0.90909094
-14.72,8.37,1.9250702,0.71428573
-81.0,-4.106,3.6240444,0.5952381
6.71,-21.2945,2.406068,0.55
-54.12,-20.1405,2.2027216,0.15789473
-57.26,-32.3125,3.50529,0.45454547
-27.53,-66.091,2.4875805,0.45714286
-9.28,-100.6455,2.7895277,0.5121951
-49.75,-120.3055,3.158107,0.4074074
89.6,-147.2295,2.2372165,0.6969697
23.03,-152.268,2.0232203,0.5416667
37.16,-142.289,2.6458578,0.47619048
-48.82,-118.686,2.416817,0.58064514
35.89,-99.852,2.3361254,0.5555556
11.68,-65.9525,2.1054504,0.5882353
-20.87,-47.9515,1.9221077,0.6
-44.3,-34.8535,2.1619072,0.33333334
56.4,-36.0685,1.8937082,0.84615386
-29.42,-19.721,1.6056086,0.26086956
53.63,-18.978,1.8673276,0.5769231
0.3,-11.65,2.2632828,0.53571427
-20.16,2.181,2.3389382,0.36666667
-91.75,21.1085,3.859984,0.6111111
-5.66,10.944,3.294947,0.42424244
-71.12,6.152,3.6586943,0.41666666
40.49,-22.7405,2.8536894,0.37288135
27.06,-48.4835,2.7507257,0.6
1.85,-67.5115,2.5960104,0.27272728
-55.23,-68.3775,2.75662,0.26666668
20.43,-78.887,2.6029482,0.5
31.8,-67.6315,2.625789,0.46153846
33.51,-58.7255,2.037903,0.6666667
-15.03,-48.3435,1.9586049,0.4375
10.15,-43.2235,2.7959976,0.61538464
-47.33,-23.7405,2.4009352,0.42857143
26.87,-14.8585,2.8100657,0.5
0.69,-9.351,2.380145,0.3548387
17.36,-12.657,2.1334028,0.18181819
24.9,-7.5315,2.5042827,0.57894737
-4.41,-2.173,2.0707111,0.13333334
32.67,14.6755,2.3236458,0.39130434
-35.0,31.0675,2.3088365,0.375
-1.77,41.061,2.3291035,0.61538464
-94.2,42.7275,2.456705,0.15789473
15.39,25.0055,3.3699536,0.625
12.64,6.918,1.7620577,0.7777778
62.56,-13.785,2.3603926,0.5652174
0.07,-16.7515,2.0320656,0.5652174
12.93,-19.26,1.9454501,0.52
-3.65,-3.751,2.4043977,0.5
-19.34,9.15,1.7649329,0.5
38.97,18.214,1.5945618,0.6111111
-100.15,22.286,3.607578,0.5405405
51.63,10.5695,1.879294,0.6923077
-2.35,4.5185,1.8740535,0.5
14.53,-3.5185,1.5697881,0.625
-15.91,-4.165,1.4228698,0.2
28.57,-14.9535,1.1629258,0.6666667
41.96,-0.5585,2.2656753,0.45454547
-3.15,11.0485,2.3018467,0.4827586
20.93,22.4295,2.066407,0.8235294
-9.76,35.679,2.5703862,0.5714286
89.64,48.893,3.1585128,0.7058824
71.67,69.75,3.46991,0.6953125
-29.93,88.257,3.2815893,0.5147059
38.28,103.6765,3.1077368,0.4923077
4.9,121.28,2.2447133,0.4047619
3.15,144.702,2.2111943,0.42105263
-41.43,151.071,2.662268,0.3529412
31.67,137.536,1.9888259,0.52
-13.63,134.5545,2.091238,0.23809524
-72.34,120.9075,2.9626186,0.3611111
-28.11,97.377,3.258043,0.54
44.41,63.459,2.6388938,0.6
-9.45,46.6875,1.8753022,0.5
-27.53,22.049,2.4197574,0.42307693
33.13,-3.2665,2.9295192,0.51724136
20.44,-9.94,1.9915198,0.5652174
70.11,-6.4965,2.84165,0.55
61.52,1.1895,3.4417212,0.5535714
-29.63,19.835,3.2991595,0.53731346
-32.34,40.589,2.2879393,0.33333334
-0.02,49.374,3.0854034,0.18181819
-24.65,58.5505,2.5759342,0.43333334
-7.51,53.593,2.4371536,0.516129
37.3,33.708,2.3632889,0.7619048
-41.94,27.2575,2.0687053,0.5652174
1.79,21.23,1.4615618,0.44117647
-3.61,14.563,2.3580246,0.5
17.94,10.211,1.3121418,0.7777778
-46.24,11.6335,2.5396078,0.33333334
10.55,-2.0215,2.4374647,0.5
-28.02,-9.3205,2.2539115,0.27272728
17.98,-20.982,1.9776995,0.67741936
7.44,-27.1315,1.7568626,0.47619048
35.57,-36.225,2.3129067,0.45833334
8.15,-31.5055,2.4097493,0.5
-0.85,-26.0165,2.1998522,0.5263158
-58.85,-14.0275,2.1970158,0.26086956
48.68,-10.955,2.5095537,0.71428573
1.52,1.0065,2.3443623,0.72
58.8,3.791,3.2387176,0.4528302
-8.21,12.148,2.6737223,0.4074074
1.74,19.4405,2.4975867,0.33333334
-1.5,37.2675,1.5987328,0.5714286
19.01,44.7605,2.7659404,0.5925926
-26.9,56.668,2.2457702,0.4
-15.82,50.6815,2.1838443,0.30769232
19.24,43.651,1.9191246,0.51428574
1.17,39.3235,1.9021807,0.46666667
13.83,36.37,1.8794559,0.6956522
39.02,29.377,2.8168042,0.6785714
25.58,34.1465,3.8168433,0.6086956
-27.1,44.5195,2.4105513,0.62068963
12.29,47.8845,2.2897875,0.6
42.7,53.682,3.2245512,0.5185185
-3.0,65.099,3.271496,0.55263156
11.38,68.6695,2.9493852,0.7096774
5.46,68.787,2.6260958,0.6097561
-32.01,72.2,1.8250605,0.53846157
15.12,70.183,2.8037808,0.4722222
-3.06,61.9695,1.7828937,0.57894737
-38.14,56.1035,3.0235016,0.75
-26.7,41.8285,3.164568,0.5135135
-3.68,22.4565,2.0921578,0.4827586
21.39,9.269,3.1492918,0.71428573
6.96,-2.782,1.0807606,0.5
-14.56,-13.5445,1.9680755,0.36363637
31.99,-19.651,1.4010303,0.5714286
29.82,-14.655,3.094499,0.6
-49.98,-4.9385,3.3101246,0.5185185
-18.0,-6.309,1.388492,0.35714287
-5.13,-9.8205,2.5301611,0.4857143
87.33,-9.912,3.5639648,0.5510204
3.5,-4.659,1.9767607,0.5714286
26.91,-4.079,3.4201663,0.6451613
17.99,12.672,3.305547,0.5483871
24.58,35.573,3.3679063,0.65909094
35.09,63.7575,3.771692,0.5857143
-46.54,79.7255,2.620913,0.5686275
-13.26,86.4125,3.3006926,0.61764705
14.88,86.4825,3.3795815,0.3148148
80.39,84.7885,4.0913253,0.61904764
29.8,88.329,2.9531739,0.59615386
59.7,88.368,3.3554225,0.5714286
24.65,106.623,5.5536427,0.6603774
-34.43,132.296,4.063776,0.55128205
-126.17,150.1745,3.7399929,0.37349397
90.25,132.3245,3.6505845,0.5180723
-13.23,123.196,3.1980298,0.51428574
27.27,101.637,3.342137,0.3809524
5.28,76.741,3.1701117,0.4871795
54.59,58.6245,3.662692,0.52380955
35.65,73.6695,3.2695684,0.62068963
50.41,80.9865,3.4426901,0.7586207
-31.09,98.685,3.8110301,0.51666665
79.75,108.443,3.7397742,0.6507937
-26.1,130.007,4.007812,0.55172414
98.67,137.9655,3.9497855,0.84415585
-31.28,155.2535,4.428745,0.6147541
-48.93,155.438,4.2185307,0.6122449
6.61,152.73,2.963785,0.7291667
28.87,135.806,2.9003737,0.6666667
21.47,132.454,2.8687274,0.5675676
63.19,114.08,3.8792107,0.6436782
42.79,114.425,4.176925,0.5531915
-34.29,132.208,3.555744,0.6219512
-45.92,141.804,2.9814112,0.425
49.32,132.4275,2.5235496,0.5915493
54.9,130.5135,2.7119505,0.6666667
-75.53,123.5355,2.9320078,0.27586207
-71.45,98.0315,3.3777509,0.52272725
-44.99,68.931,2.9648354,0.43589744
25.95,44.9995,2.4352288,0.61764705
84.24,16.879,2.729039,0.7027027
-59.21,-7.063,3.3189933,0.5
1.42,-26.058,2.095375,0.53125
57.51,-27.106,2.519173,0.72727275
5.1,-11.8365,2.3814545,0.6060606
20.37,3.94,2.4750094,0.7096774
44.31,4.3565,3.3927922,0.6226415
-35.58,20.815,3.4792924,0.34285715
-55.63,32.7095,3.6488051,0.5102041
-59.1,26.2015,3.5452988,0.47540984
-4.42,10.8845,2.0767555,0.5
-27.06,-6.008,2.8031883,0.4074074
-54.51,-33.8915,3.0012162,0.44444445
-3.52,-64.548,3.6391463,0.5301205
-44.51,-86.903,3.599709,0.5070422
-18.06,-101.2375,2.8533025,0.4893617
51.16,-114.6535,2.835553,0.8333333
10.08,-118.48,2.005737,0.5714286
33.15,-113.032,2.643811,0.54545456
-19.83,-104.155,1.9248456,0.71875
-16.18,-88.6025,2.8259382,0.625
-19.4,-67.649,2.873991,0.6037736
25.14,-62.7995,2.645613,0.7407407
-16.1,-56.884,2.854816,0.46666667
-31.78,-57.1385,3.3257685,0.4318182
-56.78,-57.939,4.754423,0.40350878
-19.92,-63.0045,3.3163815,0.3181818
3.0,-64.959,3.296084,0.5
-35.99,-73.874,3.8290265,0.34666666
-14.09,-87.751,4.119814,0.58181816
89.77,-100.337,3.9588218,0.65822786
-44.98,-88.3225,3.2536411,0.21568628
51.31,-80.496,3.5117915,0.55263156
-15.42,-67.604,3.4284704,0.6964286
37.33,-50.003,3.1061676,0.50877196
13.4,-26.0765,3.091387,0.63380283
1.11,-18.999,1.7827018,0.5294118
-28.59,-0.201,2.1507607,0.55
-53.51,4.841,3.138425,0.47368422
25.12,6.597,3.4949937,0.5964912
27.87,3.665,2.297287,0.7586207
19.46,1.427,2.879727,0.6818182
-3.38,0.917,2.5854366,0.4054054
-21.8,6.8765,1.994703,0.35
-12.05,19.4655,2.620929,0.57575756
45.77,23.875,1.7960453,0.75
0.71,26.7355,1.8603507,0.8
-24.61,24.7065,3.0936403,0.4090909
-21.99,19.609,1.2967416,0.27272728
-21.41,13.7735,2.9572845,0.71428573
13.95,6.109,1.5690304,0.7368421
21.65,-4.1265,1.3705891,0.55
3.38,-13.5585,2.0845125,0.46875
6.75,-15.0325,1.5437766,0.6111111
-8.05,-11.8655,1.8964603,0.5
-7.65,-3.7545,2.3652482,0.59375
-63.28,1.5055,2.5375876,0.3478261
34.98,-6.741,2.0542443,0.5588235
-20.0,-12.4205,2.1384614,0.4814815
42.02,-25.128,3.0380347,0.5185185
-71.94,-28.67,2.750478,0.32352942
12.14,-40.6355,3.1223838,0.59016395
39.57,-37.1505,2.0478308,0.7647059
-41.87,-34.1285,2.0474954,0.2857143
10.1,-34.477,2.4658215,0.36363637
7.45,-42.2345,1.7372012,0.75
-1.34,-32.2,1.1696018,0.75
-18.38,-24.793,2.2192621,0.42857143
17.53,-29.2875,2.0781882,0.6315789
4.73,-23.8795,2.8725426,0.53333336
-36.73,-20.8515,3.1787128,0.7
-102.63,-24.122,3.6491997,0.4375
-21.3,-41.502,4.01867,0.42352942
14.08,-58.2305,2.5559173,0.55813956
5.07,-76.0115,3.335406,0.46666667
-42.32,-94.3805,2.922727,0.5
4.8,-111.9955,2.4085042,0.6363636
-113.94,-111.532,4.106933,0.21428572
50.3,-122.344,3.7205887,0.54285717
-10.74,-129.429,2.8073416,0.2857143
3.76,-137.039,2.7978945,0.5294118
55.13,-139.2185,3.2532856,0.8148148
13.51,-133.037,3.380327,0.6666667
9.99,-100.061,2.370125,0.4375
15.29,-77.74,2.453844,0.64
16.13,-50.476,2.1360557,0.75
-5.48,-21.1745,2.7869163,0.625
-17.6,-4.379,1.98652,0.75
67.98,6.1535,2.952841,0.55
48.42,25.7595,2.8011057,0.71428573
-14.71,49.8095,1.7406363,0.35
-82.85,66.591,3.290623,0.47826087
32.71,66.9105,2.4786203,0.6896552
-57.03,74.592,2.2390254,0.44444445
20.86,60.8295,2.7397897,0.4
2.83,40.7675,3.2764652,0.6086956
-76.34,21.958,2.9935424,0.46666667
24.59,8.5105,2.6642468,0.6315789
-1.29,-13.4875,1.8856064,0.52380955
-63.76,-21.7115,3.0193434,0.43333334
52.69,-44.2115,3.454613,0.4347826
-32.55,-59.1875,2.436322,0.58064514
24.35,-60.8775,1.75142,0.61290324
-17.29,-62.818,3.3031783,0.5714286
20.51,-66.658,1.7025439,0.8
-68.85,-53.9035,3.1361756,0.5
12.36,-61.208,2.867746,0.47368422
-7.71,-60.4225,2.4931824,0.72727275
-25.09,-66.994,2.826582,0.42307693
38.24,-70.472,2.3441894,0.7916667
-28.09,-69.8935,2.5189102,0.2777778
25.7,-60.4925,2.750028,0.71428573
13.41,-53.848,2.725856,0.73333335
-10.37,-42.015,2.0943682,0.6315789
37.37,-29.569,2.734498,0.76666665
-1.78,-18.1225,2.292863,0.5625
25.07,-1.185,3.016782,0.4
12.94,10.5545,1.5043485,0.64285713
-38.19,22.7805,2.2012498,0.4375
23.24,31.5625,1.8169576,0.6666667
14.17,33.1675,1.2064977,0.9230769
66.98,39.89,2.531608,0.5675676
14.67,50.2455,2.0738938,0.65384614
8.14,61.5455,2.3048515,0.71428573
-7.89,80.492,2.4135735,0.625
22.39,94.629,1.7950292,1.0
-30.56,105.8445,2.166777,0.44444445
7.08,99.392,2.1984515,0.4
-36.51,90.682,1.9433197,0.4
11.21,73.616,1.8225974,0.36363637
39.99,61.7225,1.1960474,0.85714287
25.31,49.946,1.9820478,0.8
-6.51,49.3655,2.5026524,0.16666667
44.06,47.0615,2.314964,0.6875
-49.57,58.148,1.4958481,0.2857143
-38.55,61.428,1.930309,0.18181819
16.08,50.8405,1.3983687,0.3
2.29,38.8565,1.6851574,0.42857143
-9.8,29.165,1.6587765,0.3888889
-11.51,7.37,1.489239,0.09090909
-23.59,-5.0765,1.931649,0.25
-45.59,-12.6425,2.1041462,0.25
-24.98,-26.838,2.6230216,0.2777778
12.75,-44.503,1.9038031,0.65384614
15.29,-57.8895,1.921518,0.5555556
-24.14,-67.0735,1.4009366,0.42105263
8.8,-74.04,1.3098803,0.8125
2.31,-72.097,3.0267231,0.64705884
26.12,-64.459,1.8543789,0.5833333
13.15,-57.28,3.0924606,0.65
-27.29,-50.6265,2.0580225,0.625
28.08,-41.2415,2.4436636,0.6111111
40.06,-28.259,2.2544625,0.7
-12.01,-10.052,2.0447154,0.3846154
14.05,3.334,1.3554305,0.5
-2.23,13.7205,1.5728071,0.6
12.31,27.3015,0.9563726,0.71428573
7.29,38.077,1.4691247,0.8
-26.42,42.0445,1.5218452,0.5833333
-46.19,43.958,2.5434885,0.2857143
33.77,35.555,1.4869516,0.6666667
36.22,31.486,1.2794383,0.72727275
-6.96,28.107,1.442176,0.16666667
-30.39,20.9775,1.5151623,0.5625
9.83,15.2135,1.0995119,0.75
-17.46,20.928,1.6497042,0.33333334
-6.37,16.0615,1.039598,0.3846154
21.36,3.439,1.1230739,0.8181818
17.52,-4.4735,1.6824671,0.7
-29.27,-2.374,2.6914275,0.5714286
-42.18,-5.977,1.9803102,0.5
42.1,-13.779,1.7205749,0.72727275
23.04,-12.6285,2.3579395,0.5294118
-48.3,-10.2865,1.0818628,0.41666666
5.32,-19.2935,1.7738229,0.5416667
-83.66,-20.582,3.4475281,0.2777778
6.56,-26.0935,1.6751639,0.61904764
-7.34,-38.4275,1.4734464,0.27272728
0.0,-56.1095,1.6510557,0.33333334
-42.97,-65.453,2.1672165,0.3888889
-61.85,-85.0975,4.0617456,0.4871795
19.97,-95.6005,2.6636539,0.44444445
-47.5,-102.6095,2.1185637,0.44444445
32.16,-115.62,3.1572812,0.7777778
18.3,-125.3245,1.9838223,0.85714287
21.88,-123.198,2.5028267,0.46153846
-29.62,-106.291,3.072566,0.4857143
-15.23,-98.139,1.9666744,0.6451613
-34.24,-81.706,2.8143225,0.54545456
51.4,-75.967,2.4436297,0.41666666
-17.12,-67.642,1.633707,0.65
28.63,-68.372,2.033331,0.7222222
-10.44,-56.778,1.743327,0.44444445
-19.86,-42.5515,1.5977297,0.5625
64.66,-26.8725,2.5413232,0.76
-107.5,-11.3895,3.9171493,0.4888889
22.25,-12.787,2.4100466,0.52
-10.56,-16.2435,2.2216341,0.52380955
-34.44,-19.5635,3.415156,0.4722222
-49.07,-24.0755,3.3897471,0.5
23.37,-51.028,2.9403322,0.50980395
-33.31,-56.0715,2.6923435,0.5675676
61.21,-69.565,2.702307,0.6756757
-49.04,-74.1395,3.7073421,0.5952381
34.04,-77.5735,2.0850682,0.79310346
-28.18,-65.1705,2.4161012,0.45454547
33.61,-60.0775,2.427815,0.6363636
13.18,-44.7635,2.726423,0.6363636
-6.97,-40.476,1.765104,0.5294118
59.56,-29.1395,1.9035035,0.7297297
-5.05,-13.2,2.1802468,0.7096774
16.54,6.1015,1.6770854,0.60714287
-25.67,22.5955,2.1937172,0.5714286
-1.86,32.0825,1.5315152,0.6666667
37.36,41.693,1.3069887,0.8108108
-66.16,48.391,2.3601236,0.5769231
12.22,40.8005,2.2068317,0.7037037
-41.76,32.848,2.6917913,0.42424244
35.67,23.234,2.6533208,0.5833333
15.06,17.6205,1.8293025,0.6111111
-46.61,4.2895,2.4937806,0.46153846
-20.62,-1.6345,2.9187627,0.6363636
38.18,-14.7625,2.9020164,0.79545456
28.4,-10.749,1.6767918,0.6451613
-32.14,-12.0615,1.4530624,0.4347826
-0.8,-19.507,1.2534027,0.47826087
9.32,-18.568,1.1002742,0.8333333
-18.14,-10.35,1.7966061,0.4
31.03,-12.205,2.9799936,0.54545456
-51.19,-15.4345,1.7589126,0.44444445
119.33,-16.9675,3.425108,0.6122449
11.47,-1.2595,1.8137509,0.5555556
-34.25,15.0545,1.6910843,0.33333334
24.28,29.0745,2.040407,0.5263158
-20.15,40.436,1.9913273,0.5
-27.21,60.8925,2.0103555,0.5185185
86.4,50.0935,3.0687828,0.44
87.99,50.5415,3.7953973,0.5135135
-53.01,68.9515,3.0660217,0.42857143
31.75,76.341,2.524129,0.38235295
-34.38,93.277,2.9515092,0.41666666
-4.6,108.1685,1.6456734,0.75
42.61,104.0585,2.7315602,0.53846157
-8.54,90.651,1.7227862,0.46666667
38.34,87.984,2.332805,0.7692308
-24.7,83.1115,1.5759659,0.5
19.52,81.5095,2.8832614,0.6785714
11.27,84.248,3.1828966,0.74358976
-3.27,79.12,1.8323542,0.42857143
-53.52,76.7605,2.3963149,0.4074074
-20.14,56.149,0.8078633,0.33333334
-6.11,43.423,1.837795,0.5
2.01,26.4555,2.4646428,0.72727275
9.82,5.825,1.8218619,0.5
-34.84,-11.4655,1.4175363,0.53333336
1.91,-24.288,1.3457041,0.53333336
27.18,-34.1565,2.0008907,0.5882353
0.25,-34.4045,1.0958786,0.57894737
49.32,-30.6155,1.8582555,0.64705884
7.46,-24.046,2.1322687,0.5483871
-36.76,-7.801,3.0117123,0.27272728
-45.87,0.2355,2.2849007,0.5625
-29.74,-4.278,2.0384202,0.25
4.07,-11.172,2.5920017,0.5
-33.53,-27.7455,2.4733586,0.4
0.12,-48.9275,2.1376042,0.375
15.58,-63.181,2.0976646,0.7647059
-21.87,-64.9465,2.5111663,0.5263158
-64.27,-63.482,3.428448,0.55813956
-3.0,-72.6345,2.6827652,0.6875
-44.42,-78.2045,2.8632078,0.627451
42.43,-91.4705,2.3922758,0.5714286
-11.61,-101.7915,2.3493657,0.5945946
20.44,-108.642,1.8012608,0.6086956
-36.61,-99.0805,2.2678435,0.4074074
-9.36,-96.1525,1.9359349,0.6
19.4,-85.7315,2.3220935,0.6818182
-12.94,-79.5285,2.1481593,0.6
31.5,-74.8235,1.9276996,0.84
28.78,-67.0125,2.0906448,0.72727275
-42.05,-47.189,2.2091959,0.58536583
53.76,-33.727,2.1709867,0.44444445
0.95,-18.373,1.9221267,0.625
12.87,-0.5655,2.5002763,0.42857143
21.28,13.0735,1.63909,0.6666667
36.27,21.75,2.360953,0.875
-3.77,44.285,1.9352536,0.4
-5.48,56.281,2.3895195,0.59090906
65.13,66.173,2.2189796,0.76744187
-7.03,80.048,2.666455,0.8
-23.81,89.4245,1.9898846,0.33333334
16.41,85.754,1.4063568,0.44444445
-82.76,87.4205,2.3871467,0.28
16.41,77.434,2.4964778,0.3809524
-30.34,57.9025,1.6733099,0.45454547
27.92,33.3955,2.8298035,0.72727275
68.86,17.341,2.6366622,0.6956522
-47.86,9.3015,2.6363041,0.3478261
-117.15,9.6835,2.8715818,0.45
-26.12,-9.212,3.2942107,0.6666667
50.59,-24.52,2.9120142,0.7592593
4.16,-39.929,2.988344,0.5833333
-12.4,-65.7945,2.2500606,0.65
47.43,-83.902,2.2861245,0.9375
-53.49,-70.8235,2.061434,0.4090909
29.56,-59.7175,1.6482701,0.72727275
-19.47,-52.479,2.432495,0.53333336
-12.79,-49.1835,1.918116,0.5
44.1,-45.5965,1.8813853,0.875
-31.96,-41.6235,1.8456161,0.41666666
72.64,-32.1,2.227769,0.72
43.37,-18.815,2.3386297,0.88
37.59,5.6885,2.3270612,0.6666667
0.12,34.2475,2.333883,0.7
-10.7,54.825,1.4465495,0.33333334
72.76,78.6725,2.2163026,0.875
-9.42,100.3495,1.3956975,0.6666667
4.88,115.384,2.8962424,0.5
105.32,121.24,3.0580764,0.79545456
6.05,137.013,3.5754213,0.5529412
21.69,154.527,3.1325097,0.41791046
-43.25,163.269,2.7291121,0.6969697
15.39,167.6145,1.9660656,0.39473686
9.17,172.674,2.1263788,0.4642857
-16.26,160.4165,2.2152402,0.5609756
27.1,141.314,3.3007684,0.43333334
37.19,123.416,2.9945855,0.5135135
15.5,118.775,2.6091068,0.51724136
-39.02,112.7435,1.7318343,0.41666666
11.76,101.4925,1.8060371,0.36842105
-53.76,94.3555,2.1828022,0.45833334
-10.46,77.3565,1.4728229,0.25
-41.09,53.517,2.1346161,0.46875
87.96,22.291,2.9026845,0.8181818
-56.97,11.7205,2.7449992,0.33333334
-20.95,-10.284,1.6490451,0.29411766
29.68,-21.0425,2.6246512,0.41379312
4.0,-25.7245,1.6267139,0.75
23.75,-21.345,1.5238212,0.75
2.15,-25.731,2.719965,0.4
-21.65,-18.0975,2.7673688,0.3846154
17.68,-8.437,2.677521,0.59375
-0.03,-4.2255,1.7761465,0.5217391
-1.98,-0.049,1.9632012,0.34615386
-54.59,-0.4595,1.9804096,0.3409091
-11.45,-10.4735,2.1135857,0.47826087
-67.8,-16.5215,2.576354,0.37142858
31.34,-34.4175,2.2797084,0.51111114
29.91,-46.8325,1.9298141,0.79310346
-13.39,-56.229,1.29161,0.4827586
26.73,-56.1265,0.6953098,0.5652174
-27.92,-52.41,1.1525637,0.23076923
61.26,-39.843,3.733498,0.7037037
-4.31,-26.406,1.5281931,0.6818182
-5.46,-15.201,2.8183672,0.16
0.0,-4.988,2.5729039,1.0
5.54,-1.17,2.1684284,0.6666667
10.48,10.5475,2.0663512,0.33333334
29.43,11.7815,3.4066396,0.5185185
25.23,19.478,3.1016693,0.5131579
12.44,32.158,1.8008761,0.48
17.54,45.2275,1.8377919,0.65384614
35.7,60.7055,3.9010603,0.6875
-24.09,79.4415,1.6541417,0.44827586
131.02,88.2245,3.4150047,0.7887324
11.76,108.885,2.9135022,0.87341774
149.5,128.778,4.573981,0.56692916
-62.65,164.1955,2.6105955,0.5
-83.96,184.644,2.9463687,0.4
-109.83,199.2885,3.1480618,0.33333334
19.99,170.5855,2.6654732,0.82758623
10.35,143.862,1.6660526,0.7058824
8.48,87.395,2.3415356,0.84615386
-0.86,47.795,1.4177107,1.0
12.3,24.641,1.505108,0.875
23.19,25.0235,2.6200237,0.8181818
-30.99,24.663,2.1719067,0.33333334
-23.12,17.861,1.1441432,
-15.89,6.4165,1.63071,0.14285715
30.01,-5.7665,2.0520048,0.8
-24.23,-14.646,1.6452085,0.25
-28.96,-31.008,2.8913074,0.45
-15.92,-44.6385,2.566727,0.64
-19.54,-54.2485,2.7644067,0.5
-30.92,-64.9335,1.9357992,0.22222222
41.86,-79.7055,3.1500976,0.5802469
48.32,-82.764,2.3986876,0.6166667
-23.68,-65.3075,2.688373,0.5833333
25.06,-51.3515,2.2302465,0.45
-2.29,-33.927,2.6382463,0.44444445
16.72,-16.0785,2.8381336,0.6666667
148.03,-3.092,3.1481693,0.8318584
31.84,22.9525,2.2446847,0.6296296
21.4,58.9335,3.679203,0.76344085
-54.26,93.067,2.3381472,0.54545456
192.41,120.034,3.456067,0.92537314
83.58,173.5975,5.0289087,0.677686
-59.01,207.965,3.0686913,0.6216216
-70.81,225.9555,3.4107618,0.453125
-10.36,228.25,2.600902,0.475
103.63,241.3425,3.4599552,0.6666667
-44.12,229.7585,2.3471072,0.42857143
19.7,194.1625,2.4081614,0.4
-18.12,171.88,3.05533,0.44444445
-46.18,160.7565,2.7162135,0.34615386
0.94,143.2305,2.4716196,0.6
56.4,107.8195,2.9752035,0.2413793
26.44,92.107,3.0970986,0.41509435
64.68,76.101,3.130262,0.7083333
-75.15,73.7525,2.0485685,0.40625
36.06,69.28,2.4763577,0.5185185
-10.76,70.9945,2.8862689,0.31428573
6.4,67.22,2.8875544,0.40350878
48.46,60.7115,2.4264252,0.64
118.43,49.6075,4.0402246,0.7032967
-65.15,69.242,3.7365015,0.70454544
-28.33,81.516,2.934802,0.48979592
9.57,95.677,2.684955,0.68292683
45.42,107.0425,3.4223762,0.625
15.9,111.985,1.4774733,0.625
18.06,94.2325,2.393566,0.6097561
-31.18,97.2255,3.4249682,0.3611111
-60.43,99.0015,2.6238582,0.26086956
-91.47,90.5675,2.1098385,0.52
-15.95,58.3225,3.5854814,0.53846157
-87.98,18.1955,3.2369404,0.65384614
1.78,-38.7285,4.1486187,0.4698795
7.11,-85.7975,3.3099809,0.63829786
52.79,-118.3925,2.852696,0.6511628
3.89,-121.097,1.9493984,0.5135135
31.23,-123.787,3.0397773,0.53333336
-12.44,-102.393,2.6183748,0.6744186
-46.03,-84.47,2.3427372,0.5151515
-14.26,-74.555,3.1889117,0.38636363
49.09,-74.915,2.9722373,0.625
-8.26,-62.547,2.1763754,0.6363636
33.26,-59.5615,2.0002968,1.0
-5.58,-50.5135,3.2607944,0.64
35.36,-32.616,3.5502923,0.7619048
9.28,-4.2885,2.8105683,0.6923077
37.9,16.4065,2.8532271,0.51282054
-15.58,43.5275,2.2599595,0.52
-19.68,60.1005,1.5901613,0.5714286
63.13,71.8145,3.0002391,0.825
